11758,436.3829956,177.3486023,85.96657562,0.874662638,12190,0.763556063,Osmancik
11669,432.098999,175.2770538,86.84152985,0.86863476,11886,0.779804885,Osmancik
13467,478.2470093,204.7185059,85.14571381,0.909403026,13732,0.547773004,Cammeo
11074,421.3070068,173.0513153,82.40327454,0.879348755,11326,0.7045874,Osmancik
12500,444.8450012,182.4797974,88.28197479,0.87518388,12734,0.669021606,Osmancik
12059,431.6459961,171.6719971,90.91513062,0.848256111,12359,0.699559093,Osmancik
10965,416.973999,174.3517456,80.79745483,0.886140645,11224,0.701086938,Osmancik
10382,405.2130127,168.4262695,78.95871735,0.883302808,10599,0.801822662,Osmancik
10629,416.8900146,172.190918,79.67411804,0.88651073,10819,0.694932997,Osmancik
9882,392.2969971,161.193985,78.21047974,0.874406099,10097,0.659063637,Osmancik
14463,480.4899902,201.9342194,91.94389343,0.890329897,14698,0.675115526,Cammeo
11621,444.6619873,188.6421967,79.06629181,0.907924533,11849,0.619852781,Osmancik
13394,480.571991,205.4011688,83.80127716,0.912987173,13699,0.650194168,Cammeo
10265,400.321991,163.1663208,81.64381409,0.865810692,10450,0.611011922,Osmancik
10192,404.1820068,171.1325531,76.47444916,0.89459759,10346,0.610591888,Osmancik
14627,498.072998,205.7875366,92.42831421,0.893459201,15091,0.605522454,Cammeo
14277,492.0310059,213.2996216,85.51837158,0.91610837,14481,0.542521656,Cammeo
12768,450.6000061,188.6433563,86.66716003,0.88821739,12961,0.798199534,Osmancik
13447,455.6480103,183.9575806,94.45813751,0.858102858,13867,0.62590766,Osmancik
10767,428.3519897,181.7823029,75.89606476,0.908671975,11002,0.699155867,Osmancik
11975,458.9020081,199.0426941,78.03676605,0.919939458,12288,0.799826324,Cammeo
16405,526.5700073,221.6125183,95.43670654,0.902520597,16837,0.65888828,Cammeo
13724,468.571991,191.8715973,92.48851013,0.876152873,14048,0.740716755,Cammeo
16618,513.7529907,213.2171326,99.89234161,0.883463204,16892,0.636412382,Cammeo
10528,411.1199951,164.8199615,83.14048767,0.863451302,10862,0.621487617,Osmancik
13270,459.8659973,188.8933716,90.74984741,0.877033651,13507,0.59944886,Osmancik
11816,446.1000061,187.143158,81.82019043,0.899361193,12069,0.746713877,Osmancik
10567,398.5920105,161.4571533,83.76702118,0.854884148,10720,0.641123652,Osmancik
11809,455.0830078,185.420105,83.6137619,0.892553151,12318,0.648846149,Cammeo
11318,427.756012,175.5746613,83.88063049,0.878496349,11628,0.589479148,Osmancik
11168,440.8630066,182.7832794,79.52693176,0.900387645,11628,0.547102332,Osmancik
9080,396.5400085,165.6870117,70.25222778,0.905659556,9387,0.578086197,Osmancik
13837,483.5939941,204.3109283,87.28925323,0.904139519,14139,0.569423854,Cammeo
13621,477.5429993,200.9577179,87.28850555,0.90073812,13956,0.79589808,Cammeo
9929,395.8720093,164.9081421,77.17048645,0.883749425,10070,0.613355577,Osmancik
12382,453.0499878,187.1069946,85.73007965,0.888855577,12771,0.61345619,Osmancik
10878,410.7219849,168.7978058,82.68656921,0.871803522,11079,0.689440966,Osmancik
11392,427.7449951,174.0228729,84.52707672,0.874112248,11609,0.602560043,Osmancik
12692,448.0610046,182.1931763,90.43366241,0.868115962,12999,0.735086322,Osmancik
15216,500.3680115,208.2284241,94.30258179,0.891571224,15558,0.573042572,Cammeo
11794,422.1019897,169.2856598,89.53070831,0.848700643,12026,0.76395905,Osmancik
13737,484.3850098,209.5435181,84.1657486,0.915787816,13944,0.605207503,Cammeo
14424,497.769989,210.743103,88.51709747,0.907513142,14920,0.558204353,Cammeo
13283,477.2890015,198.2706604,86.35545349,0.900167763,13616,0.611134112,Cammeo
9510,401.4920044,169.6710052,72.38471222,0.90443188,9764,0.654552937,Osmancik
11717,439.730011,182.0405426,82.61972809,0.891076326,11965,0.561481714,Osmancik
12381,434.1589966,173.1007385,91.96291351,0.847203732,12643,0.743157268,Osmancik
8992,377.3320007,158.2789154,73.05545044,0.887108207,9105,0.594512403,Osmancik
13840,476.901001,201.6256866,88.24250031,0.899142981,14205,0.630581379,Cammeo
12734,470.6140137,204.4029083,80.16529846,0.919883132,12982,0.714590371,Cammeo
11070,419.4030151,173.5750427,82.15421295,0.88089776,11266,0.600585938,Osmancik
14621,501.8250122,210.9164886,89.62992859,0.905214667,15175,0.689084768,Cammeo
9669,388.6069946,151.4384613,83.59090424,0.833857775,10012,0.733889937,Osmancik
16188,526.8759766,224.0419159,93.17562103,0.909417331,16605,0.663007855,Cammeo
9330,391.1659851,161.425415,74.86387634,0.885956883,9624,0.576352835,Osmancik
15151,496.1929932,207.931488,93.96302032,0.892071545,15547,0.761395037,Cammeo
11840,420.1409912,166.928894,90.9812851,0.838416398,12021,0.796609044,Osmancik
13446,476.0419922,200.0526733,86.59047699,0.901471555,13814,0.603934586,Cammeo
11291,432.6459961,177.0127258,82.56719208,0.884548724,11586,0.652658939,Osmancik
12482,448.5390015,185.0900421,87.2516098,0.881919026,12744,0.592687547,Osmancik
11889,426.6470032,172.2679901,89.44281006,0.854648292,12162,0.611574054,Osmancik
12339,453.2640076,191.5043793,82.77468872,0.901761532,12534,0.618930578,Osmancik
10901,410.3900146,174.6985779,79.86489105,0.889385402,11038,0.826960981,Osmancik
10847,417.9240112,170.3667908,82.4730072,0.875017703,11107,0.746318996,Osmancik
11186,416.6749878,166.8765564,86.7095108,0.854408026,11537,0.761729658,Osmancik
12879,476.5769958,203.1659698,81.26083374,0.916527092,13105,0.660393834,Cammeo
15762,507.6409912,205.6005554,99.32084656,0.875578046,16261,0.663635194,Cammeo
14003,489.2900085,208.332901,87.1922226,0.908205926,14421,0.579114974,Cammeo
11417,419.2749939,170.1563721,86.50347137,0.861135006,11584,0.631436288,Osmancik
11923,432.3340149,174.236618,88.13159943,0.862641633,12187,0.62450242,Osmancik
14910,511.6000061,221.6122894,86.21698761,0.921219051,15215,0.699638665,Cammeo
12349,434.1380005,180.2419281,88.26457977,0.871890664,12526,0.627489865,Osmancik
15070,504.0509949,210.0259857,92.37322235,0.898086905,15400,0.648730099,Cammeo
14751,499.0209961,214.0371399,88.62864685,0.910240173,14955,0.552678883,Cammeo
14131,490.7009888,206.9266663,88.28404999,0.904419601,14519,0.752930522,Cammeo
12777,462.6690063,183.2349091,90.69457245,0.868913829,13148,0.572446227,Osmancik
14349,496.9460144,213.5440216,86.16077423,0.914988399,14678,0.666837096,Cammeo
12131,444.9259949,183.838089,85.05927277,0.886522353,12419,0.784162879,Osmancik
13295,475.7430115,199.2407379,86.08377838,0.901845276,13639,0.615994096,Cammeo
11674,425.071991,175.7572327,85.50615692,0.873679757,11865,0.644047201,Osmancik
14493,487.3359985,205.8022919,90.53879547,0.898031592,14835,0.755788505,Cammeo
16263,546.5620117,230.959549,91.65092468,0.917893529,16796,0.571232855,Cammeo
12375,451.0809937,185.7811584,86.23738098,0.885736704,12755,0.649742723,Cammeo
11031,421.2909851,172.6673584,82.59618378,0.878166914,11298,0.72879231,Osmancik
14855,495.8989868,208.5706177,92.42722321,0.896449506,15191,0.590609074,Cammeo
11740,440.5639954,181.2036896,83.45518494,0.887628555,12030,0.579009652,Osmancik
13533,469.5320129,192.3960419,91.23041534,0.880427718,13954,0.621606708,Cammeo
14793,501.3039856,211.6011353,90.11253357,0.904788911,15049,0.66452539,Cammeo
11891,430.3009949,175.0167389,87.99028778,0.864429772,12170,0.61038959,Osmancik
13084,473.7669983,195.8382416,86.37992859,0.897468805,13453,0.588044941,Cammeo
11268,429.3070068,171.264328,85.81079102,0.865422368,11576,0.608653367,Osmancik
13698,478.598999,199.060257,88.78964996,0.895011008,13932,0.575594604,Cammeo
13607,461.0509949,190.5143433,91.71279907,0.876503348,13772,0.60914135,Osmancik
11115,424.730011,177.7854156,80.54494476,0.891487241,11318,0.734633207,Osmancik
10589,439.7080078,191.7048798,71.42118073,0.928008914,10817,0.510953486,Osmancik
12431,437.6570129,178.1941986,89.48651886,0.864759982,12657,0.735562146,Osmancik
11545,427.6199951,167.4120941,89.4489212,0.845292509,11925,0.63239485,Osmancik
13822,491.6610107,212.1354065,83.65462494,0.9189623,14073,0.65469873,Cammeo
12253,437.9429932,177.7510529,89.38975525,0.86434871,12595,0.614925206,Osmancik
12759,463.6409912,200.9574585,81.20908356,0.914710045,12993,0.778937757,Cammeo
14202,485.9379883,202.6140594,90.65028381,0.894332111,14640,0.56176573,Cammeo
15196,498.144989,212.2437592,91.67678833,0.901901841,15427,0.712757945,Cammeo
10862,421.0109863,175.2200317,80.57564545,0.887994468,11066,0.612012625,Osmancik
14944,490.0440063,201.3465424,96.04631805,0.878892481,15305,0.610657096,Cammeo
14908,499.4689941,209.1194763,92.06287384,0.897879899,15324,0.763338447,Cammeo
14142,470.7130127,180.6985779,101.7622604,0.826347649,14709,0.702742994,Osmancik
11342,440.1990051,188.0708466,77.18611145,0.911901236,11532,0.578555405,Osmancik
11543,431.7630005,179.598114,82.52258301,0.88818568,11786,0.602641761,Osmancik
12651,467.5650024,200.0503693,81.17269897,0.913979053,12991,0.594111025,Cammeo
12692,456.7929993,181.2328186,91.12804413,0.86438936,13147,0.783553541,Osmancik
12709,456.1740112,191.3734131,85.73983765,0.89402169,12934,0.78281492,Cammeo
15037,501.4670105,208.9055786,92.30456543,0.897089779,15452,0.578613222,Cammeo
12734,462.2330017,188.1563721,87.74284363,0.884611189,13069,0.585202217,Osmancik
17250,528.098999,220.7989349,101.2491608,0.888664365,17570,0.839661241,Cammeo
14758,500.0100098,206.285141,92.72486877,0.893281102,15166,0.582399368,Cammeo
13853,471.6409912,195.2124939,91.29154205,0.883912563,14213,0.653320134,Cammeo
12525,455.1809998,183.669342,88.2543335,0.876991093,12911,0.709470928,Osmancik
15813,495.2680054,203.7946777,99.68769073,0.872195482,16095,0.735248983,Cammeo
11715,430.3789978,172.7517853,87.85530853,0.86102432,12009,0.778353572,Osmancik
15830,516.2319946,220.8192444,92.34398651,0.908360422,16074,0.701435685,Cammeo
15285,495.8389893,206.3328857,94.79103088,0.888225198,15517,0.668869257,Cammeo
14966,499.6380005,205.474823,93.38162231,0.890763342,15387,0.58142966,Cammeo
11667,447.5249939,186.6712494,80.84287262,0.901357353,12039,0.667295814,Cammeo
11141,431.9249878,181.2401123,79.11578369,0.899692297,11372,0.790646493,Cammeo
12140,441.4989929,182.4339905,85.49819183,0.883382499,12358,0.589606583,Osmancik
11930,434.8059998,175.3011932,87.98390961,0.864924848,12260,0.643820822,Osmancik
12684,461.3580017,198.2021179,81.89427948,0.910646796,12912,0.547101438,Cammeo
12861,471.92099,193.2509155,86.45822144,0.89433974,13330,0.633421957,Cammeo
13665,482.0769958,208.964035,84.61726379,0.914344609,13998,0.60121429,Cammeo
10880,394.644989,153.7948151,90.98818207,0.806216478,11057,0.747766316,Osmancik
12415,445.9949951,184.3671875,87.04115295,0.881540895,12719,0.657992363,Osmancik
11783,453.105011,192.6842957,79.17370605,0.911681056,12102,0.670440972,Cammeo
12213,452.4039917,192.3418274,81.44419861,0.905926645,12406,0.642620385,Osmancik
12837,464.7680054,194.3007202,85.33184052,0.898401976,13053,0.584270179,Osmancik
12020,425.7340088,175.5486908,87.59830475,0.866603613,12176,0.646862566,Osmancik
12551,459.7290039,197.6823425,81.57028198,0.910897315,12741,0.818935156,Cammeo
12279,455.4150085,191.6533356,82.47570038,0.90266788,12549,0.592044353,Osmancik
12190,445.894989,185.7569427,84.64902496,0.890134573,12386,0.716216207,Osmancik
14318,477.493988,195.0235596,94.59472656,0.874490559,14585,0.760867238,Cammeo
12032,437.6359863,177.4034729,87.80332947,0.868929505,12291,0.605475068,Osmancik
11990,416.7529907,166.582016,91.98353577,0.833723783,12145,0.661699772,Osmancik
10534,409.3399963,163.8759308,83.2736969,0.861268103,10899,0.726132214,Osmancik
12635,439.0830078,171.228714,94.81417847,0.832697392,12929,0.631118894,Osmancik
13485,471.5700073,198.272644,87.72728729,0.896789312,13734,0.572319865,Cammeo
10657,407.7650146,168.7373352,80.82007599,0.877831459,10826,0.60952872,Osmancik
10729,414.6990051,171.7298737,81.42697906,0.880440116,10987,0.794211268,Osmancik
15275,509.855011,217.5546875,90.183815,0.910033822,15582,0.667613626,Cammeo
11900,442.4230042,184.0609436,83.16404724,0.892104626,12119,0.603877008,Osmancik
10457,402.0629883,157.9617004,85.70410919,0.840015352,10719,0.67709142,Osmancik
12281,442.1109924,177.9575348,89.70896149,0.863643467,12666,0.599073172,Osmancik
14329,486.2770081,206.5722961,89.21240234,0.901935816,14588,0.81276232,Cammeo
14026,467.7650146,191.7354126,94.24736786,0.870849848,14222,0.627730012,Osmancik
12887,468.8330078,197.7632141,83.7241745,0.90596354,13241,0.556770086,Cammeo
11682,423.3739929,168.3994904,89.37419128,0.847542703,11963,0.715808809,Osmancik
13200,472.4649963,203.313736,83.57887268,0.911597788,13467,0.745299518,Cammeo
13954,481.2879944,204.7774506,87.50462341,0.904102445,14277,0.581126094,Cammeo
12496,449.7409973,181.1239014,89.78373718,0.868491828,12870,0.683551252,Osmancik
12416,449.7399902,190.6075592,83.51945496,0.89888972,12607,0.677211761,Osmancik
13884,491.6180115,207.6543732,86.3434906,0.909454346,14232,0.542364955,Cammeo
15368,503.3070068,209.4185028,94.39366913,0.892654359,15709,0.640333354,Cammeo
13385,460.8250122,192.6461487,89.71348572,0.884947598,13595,0.612754047,Cammeo
10469,423.7850037,177.0367737,76.73817444,0.901173294,10859,0.570207,Osmancik
13198,468.4559937,200.4911499,84.69168854,0.906399727,13455,0.731921017,Cammeo
10829,404.7510071,160.1178894,87.50862122,0.837441981,11138,0.721452355,Osmancik
15326,505.3779907,208.0990753,95.35768127,0.888832569,15684,0.586214781,Cammeo
13617,465.0029907,189.2554779,92.44890594,0.872570992,13872,0.616125941,Osmancik
14560,493.9289856,209.5088348,89.21788788,0.904797018,14971,0.631697714,Cammeo
13689,483.6549988,202.7220001,86.94031525,0.903368711,14183,0.776460588,Cammeo
12488,469.8280029,200.7437592,80.04685211,0.917059064,12932,0.74466306,Cammeo
13272,474.927002,195.7785492,87.1651535,0.895419657,13597,0.586063743,Cammeo
12671,448.8380127,180.4714355,90.69844055,0.86454004,12963,0.661601901,Osmancik
14541,492.7850037,204.2571411,92.47101593,0.891653419,14893,0.758291602,Cammeo
16588,519.559021,218.394455,97.66686249,0.894432008,16852,0.640067935,Cammeo
11500,442.3340149,178.8392792,84.1364975,0.88242203,12070,0.588024735,Osmancik
12556,437.9140015,180.2112122,89.38488007,0.868322134,12735,0.718594432,Osmancik
10468,427.7139893,182.20401,74.52765656,0.912519097,10672,0.539921582,Osmancik
14787,492.3129883,209.6788635,90.46773529,0.90213275,15066,0.795684457,Cammeo
12043,441.1560059,175.5320587,88.68824768,0.862970769,12376,0.667720139,Osmancik
11297,418.9530029,172.9674225,84.43346405,0.872761667,11482,0.62293905,Osmancik
9251,375.6090088,151.824173,79.25946808,0.8529163,9431,0.62786752,Osmancik
16679,528.552002,222.7795868,96.64006805,0.901012897,17006,0.569171429,Cammeo
14260,501.0409851,208.8331757,88.96315765,0.904722631,14737,0.613175094,Cammeo
8328,369.7380066,152.5658569,70.56860352,0.886595726,8579,0.584421039,Osmancik
13158,470.9960022,201.0183868,84.50301361,0.907350659,13462,0.619783342,Cammeo
14588,502.5690002,214.8956146,88.20729828,0.911876023,14923,0.536146104,Cammeo
14470,489.7860107,207.3626556,89.81264496,0.901336908,14724,0.619620621,Cammeo
11281,407.1010132,160.91008,90.44052124,0.827098966,11483,0.670012474,Osmancik
13909,475.6180115,199.6072693,89.94419861,0.892723024,14241,0.727876902,Cammeo
13183,462.7319946,190.4266968,89.31358337,0.883188546,13493,0.688119829,Osmancik
13787,474.3380127,194.6946259,91.07733154,0.883836567,14075,0.616178751,Cammeo
12711,470.1629944,196.3638,83.78096008,0.904411197,13007,0.560449719,Cammeo
11661,418.0150146,168.9551392,88.93134308,0.85026139,11819,0.789291978,Osmancik
12239,473.5140076,208.0478973,75.60643768,0.931629777,12622,0.517199099,Cammeo
9822,398.3349915,160.62323,79.28845978,0.869671941,10085,0.631518006,Osmancik
11933,430.8670044,178.9629974,85.46997833,0.878585756,12118,0.798087239,Osmancik
11961,429.3670044,175.4431305,87.64792633,0.866267622,12149,0.611034513,Osmancik
14688,507.1669922,211.7433777,89.31245422,0.906690896,15262,0.646023929,Cammeo
10767,425.0360107,182.0640717,76.10566711,0.908439755,11004,0.742602944,Osmancik
10847,414.4509888,165.5851746,85.0072937,0.85816437,11148,0.679721773,Osmancik
14403,491.0599976,207.6805725,89.8433609,0.901584208,14708,0.59689182,Cammeo
11753,425.3859863,176.0082092,85.75704193,0.873271942,11919,0.655566692,Osmancik
9967,400.2189941,167.2388763,76.96323395,0.887815595,10128,0.664643884,Osmancik
11625,421.3900146,167.714798,89.46257019,0.845849931,11904,0.694278538,Osmancik
12626,455.2969971,188.6578827,86.60137939,0.888415992,12911,0.733899117,Cammeo
12801,459.4240112,195.0993347,84.79960632,0.900600255,13058,0.761601627,Cammeo
12155,434.2749939,174.7768097,89.50150299,0.858931601,12388,0.80294621,Osmancik
14587,497.946991,211.6872864,88.91320801,0.907514155,14926,0.648685932,Cammeo
11073,431.1570129,182.7000275,77.72214508,0.905001462,11367,0.751119256,Osmancik
12509,464.5090027,201.5314941,79.65081024,0.918583214,12703,0.54481709,Cammeo
10796,410.1099854,165.7333527,84.24877167,0.861156881,11060,0.680020154,Osmancik
12311,441.4060059,174.5828247,90.74132538,0.854311764,12538,0.619265616,Osmancik
15779,506.3770142,209.404892,97.43090057,0.885166109,16201,0.619464517,Cammeo
12396,443.1539917,184.8018341,86.46865845,0.883781731,12546,0.587098598,Osmancik
13848,475.5899963,196.2255554,90.74702454,0.886638701,14260,0.586382091,Cammeo
11144,410.3439941,164.0940704,87.66368103,0.845340252,11378,0.63383007,Osmancik
12627,453.5190125,191.8118896,84.54081726,0.897630572,12830,0.726106942,Osmancik
12089,439.4920044,183.5766602,84.69467926,0.887213767,12302,0.814512849,Cammeo
13130,467.9219971,196.1468048,86.20711517,0.898241103,13462,0.574818313,Cammeo
10763,416.0169983,171.0617828,80.66741943,0.881829202,10951,0.595035374,Osmancik
10673,404.1380005,162.79039,84.19615936,0.855860949,10869,0.738922715,Osmancik
15486,509.1359863,211.1135559,94.82223511,0.893454969,15921,0.686344922,Cammeo
12016,469.4249878,196.9492493,79.83517456,0.91415751,12464,0.562968493,Cammeo
11875,425.4509888,174.0941772,87.36473083,0.864969432,12041,0.694525659,Osmancik
11419,431.5130005,175.9565277,83.67269897,0.87969923,11732,0.667777777,Osmancik
10132,398.6719971,162.8451996,80.07435608,0.87075299,10306,0.668911338,Osmancik
12526,439.2219849,178.2160339,90.40444946,0.861784577,12819,0.668945253,Osmancik
10613,423.32901,172.1127625,79.71240234,0.886284828,10881,0.586969733,Osmancik
10151,420.8999939,181.995575,72.09951019,0.918181121,10407,0.521634102,Osmancik
10218,401.7730103,163.2447662,80.51644897,0.869901597,10516,0.695385873,Osmancik
11929,439.8959961,177.0054779,87.95028687,0.867819905,12262,0.59171629,Osmancik
9426,402.7099915,175.9742889,68.60753632,0.920868874,9578,0.577431977,Osmancik
12675,456.572998,186.8068237,88.42378235,0.880877972,13098,0.613860905,Osmancik
11652,428.8080139,169.5898895,89.57380676,0.849133134,12067,0.737001896,Osmancik
12465,445.0669861,177.5295258,91.50624084,0.856924236,12882,0.761174917,Osmancik
10035,398.0969849,162.6618652,79.64611816,0.871923447,10236,0.598069012,Osmancik
16862,519.4710083,219.6599579,98.39157104,0.894070268,17104,0.612273037,Cammeo
12058,433.3900146,175.536026,88.45160675,0.863765299,12283,0.686049163,Osmancik
12267,429.6940002,171.370636,92.45801544,0.841972291,12520,0.775901318,Osmancik
13087,468.8110046,198.2867126,84.87167358,0.90376687,13488,0.772458971,Cammeo
14824,513.21698,220.160202,86.80725098,0.918985546,15150,0.568361342,Cammeo
12558,452.6929932,189.4781647,85.08824921,0.89349848,12799,0.624031007,Osmancik
11179,418.7099915,171.1083832,84.56639099,0.86933285,11440,0.735605717,Osmancik
12293,445.6870117,181.8791656,87.02767944,0.878092051,12524,0.776367307,Osmancik
15552,492.9819946,198.2062683,101.6440125,0.858496547,15936,0.627451003,Cammeo
11869,434.2520142,177.8726501,86.16555023,0.874834061,12144,0.621511221,Osmancik
12213,442.2720032,183.6993103,85.81993103,0.884164274,12474,0.795376122,Osmancik
13328,473.0440063,201.3988647,85.25860596,0.905974567,13588,0.780099511,Cammeo
14020,488.5820007,207.2651825,86.79779816,0.90808928,14271,0.553909361,Cammeo
13089,458.0769958,182.1092072,92.58979797,0.861103296,13562,0.712908506,Osmancik
11665,430.4400024,172.6012878,87.70522308,0.861275852,11972,0.610221803,Osmancik
13819,478.4989929,195.7261505,91.83905029,0.883080125,14321,0.588267863,Osmancik
10296,415.7510071,172.3328705,77.06074524,0.89445287,10514,0.610893548,Osmancik
14952,488.6300049,203.0029602,94.55452728,0.884901047,15187,0.615612626,Cammeo
13634,491.1799927,209.1335297,83.73373413,0.916347444,14075,0.787910283,Cammeo
11732,428.1830139,172.9629669,86.98690033,0.864331722,11900,0.631092012,Osmancik
16566,527.5859985,217.094574,98.10107422,0.892077863,16987,0.751906335,Cammeo
11794,456.322998,194.0430756,78.79869843,0.913833678,12116,0.653479636,Cammeo
14145,486.6080017,209.3532104,86.78947449,0.910021961,14370,0.766666651,Cammeo
10862,412.4259949,167.3869476,83.53160095,0.86658299,11050,0.672153473,Osmancik
11630,425.5169983,173.0964203,87.19287109,0.863864481,11766,0.781691074,Osmancik
13935,483.243988,196.7861023,91.71784973,0.884743154,14428,0.593231142,Cammeo
13824,491.6199951,206.3890228,86.85488129,0.907139122,14268,0.633866727,Cammeo
14478,469.1610107,190.8477173,97.34318542,0.860140681,14686,0.765424252,Cammeo
12494,437.2189941,179.2800751,89.50730133,0.866452456,12729,0.705238223,Osmancik
13375,474.0870056,198.768692,86.68679047,0.899889052,13768,0.696324468,Cammeo
12384,460.1359863,190.8703766,85.09120178,0.895129502,12811,0.604835153,Cammeo
14153,480.321991,196.9782715,92.79872894,0.882073641,14555,0.772122204,Osmancik
15857,515.3220215,219.9654846,93.15426636,0.905898452,16109,0.699162245,Cammeo
12675,466.1010132,195.8082275,83.40395355,0.904748023,12977,0.580250859,Osmancik
13858,490.5700073,203.7094727,88.17392731,0.901470006,14265,0.653186262,Cammeo
12240,454.3129883,190.9279022,83.64929962,0.898916602,12555,0.757894754,Cammeo
10246,406.3710022,163.8946991,81.50821686,0.867566824,10655,0.707108378,Osmancik
13443,459.7309875,188.0123596,92.69482422,0.870015025,13707,0.742010295,Osmancik
12171,431.9490051,174.3800201,90.05057526,0.856344998,12366,0.618822455,Osmancik
10427,398.6919861,161.2167969,83.80955505,0.854253769,10639,0.628435373,Osmancik
13811,482.2980042,206.7147522,85.73661804,0.909931719,14000,0.55593127,Cammeo
12386,467.8500061,201.9013062,79.30883026,0.919619679,12679,0.791842461,Cammeo
11307,424.8959961,173.9436493,83.69766235,0.876623511,11499,0.738633394,Osmancik
11023,416.8919983,163.019165,88.59201813,0.839444518,11343,0.710702777,Osmancik
11506,433.3420105,183.4458618,80.3972702,0.898847461,11675,0.617009878,Osmancik
16593,524.8380127,218.1038208,97.8526001,0.893706799,16814,0.593285203,Cammeo
13033,466.1390076,198.2071075,84.5166626,0.904531956,13234,0.769271612,Osmancik
12337,446.2200012,180.5418091,87.79290771,0.873806,12628,0.612927258,Osmancik
10796,413.4200134,170.7816467,80.99688721,0.880378544,10980,0.623037875,Cammeo
13555,477.8699951,202.637085,85.78795624,0.905962646,13851,0.578063011,Cammeo
12053,440.9779968,180.0957489,86.7628479,0.876303434,12351,0.59048599,Osmancik
12935,462.980011,195.3043213,85.48748016,0.899114132,13213,0.753041863,Cammeo
11465,419.5950012,167.9875183,88.07779694,0.851526499,11685,0.753780425,Osmancik
14421,489.8179932,204.9568329,90.34169006,0.897613168,14716,0.625260174,Cammeo
11634,427.105011,171.3263397,88.26649475,0.85707289,11967,0.709693134,Osmancik
14178,488.881012,207.3955994,88.06809235,0.905363142,14406,0.557749808,Cammeo
10213,430.0440063,187.3143921,69.94136047,0.927674353,10392,0.563444793,Osmancik
11564,428.0830078,171.9387207,86.84310913,0.863071501,11839,0.616746664,Osmancik
14516,492.7860107,209.7601318,89.51319885,0.904374003,14836,0.733575881,Cammeo
10787,401.2550049,160.0178833,86.63780212,0.840748608,11010,0.658346057,Osmancik
12311,450.3349915,194.4467468,81.31934357,0.908350885,12441,0.556555152,Osmancik
11097,422.3680115,172.1637115,83.62702942,0.874102652,11393,0.612417221,Osmancik
11270,422.6090088,173.2342072,83.3999176,0.876485288,11449,0.613901317,Osmancik
12434,454.8930054,193.157959,82.8585968,0.903319657,12652,0.703678548,Cammeo
14439,492.553009,211.8521423,87.43466949,0.910859942,14614,0.572794378,Cammeo
13607,482.8179932,202.8472443,86.15413666,0.90532279,13901,0.556842387,Cammeo
13002,448.1149902,182.6278687,91.47121429,0.86552763,13200,0.605814934,Osmancik
13631,473.5469971,193.4940186,91.50906372,0.881100178,14141,0.580289483,Cammeo
16944,543.1259766,236.1252136,92.68103027,0.919748604,17189,0.651943028,Cammeo
16156,495.7139893,197.2743073,105.5379791,0.84486419,16434,0.709405482,Cammeo
12476,452.7579956,192.3231201,83.67256927,0.900400281,12654,0.806411982,Osmancik
8850,381.4339905,159.2512054,71.76094818,0.892718494,9063,0.572519064,Osmancik
11090,416.0140076,174.9094391,81.36546326,0.885212839,11277,0.741706789,Osmancik
13567,481.0950012,206.628418,84.00917053,0.913619101,13818,0.601107657,Cammeo
13516,483.6889954,207.5319214,83.6856842,0.915093184,13746,0.700855613,Cammeo
8810,384.7470093,164.3539429,68.90158081,0.907881498,8987,0.587568343,Osmancik
14035,480.6289978,199.1483917,91.4108963,0.888431609,14422,0.716290712,Cammeo
10156,409.2900085,177.7449951,73.22962952,0.911187172,10327,0.751795113,Osmancik
11889,439.9890137,186.1078491,82.14304352,0.897323549,12096,0.797705293,Osmancik
16413,510.1099854,210.5551147,100.1218948,0.879708171,16665,0.599890351,Cammeo
14675,493.2730103,206.7937164,91.58906555,0.896570683,15039,0.566165149,Cammeo
10574,398.6809998,157.8083954,86.85958862,0.834893346,10829,0.693558991,Osmancik
15061,497.3590088,207.6504211,93.05584717,0.893964887,15327,0.716780901,Cammeo
14184,479.2340088,197.4643097,92.07521057,0.884633064,14537,0.60383141,Cammeo
13279,474.2359924,200.5447083,85.00814056,0.905715466,13757,0.728494644,Cammeo
13973,474.0079956,192.3492889,93.77914429,0.873097241,14354,0.614197791,Cammeo
14045,482.7420044,200.0272369,90.7138443,0.891252458,14305,0.572610915,Cammeo
15093,509.3049927,214.4281158,90.88327789,0.905736923,15497,0.572615504,Cammeo
10236,398.5379944,160.8490143,82.49160004,0.858477592,10392,0.795647085,Osmancik
11759,426.1380005,173.6890717,87.18202209,0.864900708,11941,0.693664491,Osmancik
12612,463.5950012,197.6829376,82.37692261,0.909038424,12919,0.584051132,Cammeo
10984,421.9599915,170.8734894,83.75952911,0.871618748,11201,0.695542037,Osmancik
12164,435.0859985,177.5858002,88.19933319,0.867946565,12354,0.710223615,Osmancik
8709,383.5270081,164.1938934,67.93288422,0.910397053,8873,0.767989397,Osmancik
11672,435.7139893,179.9275513,83.97663116,0.884402633,11941,0.657762766,Osmancik
11618,434.177002,179.415451,83.34638214,0.885550022,11820,0.616764903,Osmancik
15375,494.3160095,204.4707336,96.98160553,0.880360305,15631,0.739182711,Cammeo
12802,457.6610107,192.062973,85.54149628,0.895340383,13001,0.756351173,Osmancik
11531,445.7390137,187.9770966,79.08082581,0.907202661,11918,0.605428934,Osmancik
12526,441.3299866,179.2462463,90.15467834,0.864306509,12768,0.718893468,Osmancik
11492,419.2969971,165.4295502,89.53146362,0.84089005,11747,0.787338972,Osmancik
12279,462.006012,197.8462524,80.54206085,0.913386166,12619,0.636943638,Cammeo
10735,421.4880066,172.7793732,80.16738129,0.885842025,11021,0.78095448,Osmancik
9516,386.8210144,155.5244904,79.22835541,0.860513926,9753,0.698883653,Osmancik
10453,421.5159912,171.9844513,78.82699585,0.888778031,10701,0.578985274,Osmancik
10134,406.0450134,167.6055145,78.04085541,0.884983599,10358,0.587308049,Osmancik
11919,435.2619934,171.8451843,89.98160553,0.851951838,12168,0.611230791,Osmancik
11068,423.9729919,172.0155792,82.98536682,0.875934839,11323,0.605304897,Osmancik
10604,409.5109863,172.3027039,78.91883087,0.888939679,10755,0.58618021,Osmancik
13507,468.2390137,197.5092468,87.92959595,0.895434976,13735,0.577222228,Cammeo
14500,504.0679932,218.9050293,85.14116669,0.921262622,14864,0.619896531,Cammeo
11553,428.696991,170.7067413,87.52906799,0.858540833,11845,0.601061344,Osmancik
10386,403.29599,166.7865601,80.29826355,0.876477242,10554,0.644452691,Osmancik
14053,497.052002,216.191864,84.159935,0.921117961,14416,0.808387041,Cammeo
11080,424.7690125,175.1816864,81.33550262,0.885682046,11337,0.582912445,Osmancik
13043,442.4979858,173.8036346,96.69750977,0.830940902,13278,0.647648811,Osmancik
10364,417.1029968,171.7311554,78.38077545,0.889766753,10737,0.571208119,Osmancik
11154,427.2219849,174.3178101,82.17609406,0.881911278,11506,0.608577013,Osmancik
13387,458.9559937,180.4008179,95.7420578,0.847548127,13653,0.632955074,Osmancik
13557,483.9089966,206.2037201,84.38730621,0.912425697,13845,0.552580118,Cammeo
15581,517.3319702,221.9593811,90.30760956,0.91348809,15901,0.554089606,Cammeo
11278,430.2630005,174.4451752,83.79233551,0.877084434,11637,0.736546516,Osmancik
11104,420.9700012,164.9390259,87.29203033,0.84847331,11429,0.632706523,Osmancik
13964,481.230011,201.5592957,89.30014038,0.896498621,14275,0.58329159,Cammeo
9414,407.8250122,179.5458832,66.91815948,0.927948713,9583,0.810433865,Osmancik
9768,413.5580139,179.79776,69.92797089,0.921269119,9943,0.702531636,Osmancik
12433,442.4819946,173.859314,93.10706329,0.844515562,12769,0.629837871,Osmancik
11694,432.9769897,181.4844055,82.97145081,0.889373004,11893,0.763914287,Cammeo
14985,516.9609985,219.5333862,88.00939178,0.91612488,15412,0.622973323,Cammeo
12161,430.5870056,171.6247559,92.09138489,0.843845844,12460,0.688696325,Osmancik
15868,519.5289917,219.1789246,93.26964569,0.904939115,16281,0.571263969,Cammeo
14350,472.0209961,189.9021759,97.03052521,0.859610438,14577,0.651798666,Osmancik
12487,437.1210022,174.2112274,92.41957092,0.847683072,12808,0.695460856,Osmancik
11760,432.5320129,176.1437683,86.02404785,0.872634411,12055,0.632870495,Osmancik
15072,487.5849915,202.4947357,95.35527039,0.88218528,15267,0.790558636,Cammeo
11813,430.2550049,172.5695343,88.02676392,0.860118389,12088,0.717504859,Osmancik
11087,432.3829956,177.4989777,80.54419708,0.891117454,11380,0.594636619,Osmancik
10941,423.4079895,172.8510895,81.42478943,0.88209635,11248,0.629516661,Osmancik
11215,421.1799927,179.5335083,79.69017792,0.896089435,11373,0.582900226,Osmancik
15448,521.3179932,224.8905334,88.73651123,0.918863118,15847,0.705388129,Cammeo
15526,514.3909912,216.9185791,91.82958221,0.905972481,15936,0.580845475,Cammeo
11711,423.9370117,175.1188202,85.90812683,0.871401489,11866,0.810562015,Osmancik
12720,472.2340088,201.6408539,82.22841644,0.913072884,13352,0.745079637,Cammeo
14146,481.1860046,202.587204,89.94490051,0.896036148,14495,0.603601277,Cammeo
10380,399.177002,164.5905762,80.95957947,0.870660365,10630,0.706410766,Osmancik
12273,441.1910095,182.0991516,86.59350586,0.879699826,12469,0.620977521,Osmancik
12019,442.1119995,183.9819336,84.3091507,0.88882494,12290,0.580067575,Osmancik
10191,403.2189941,168.609024,77.52805328,0.888017476,10352,0.797293067,Osmancik
11955,454.0859985,196.8355255,78.12479401,0.91786015,12127,0.558123231,Osmancik
11518,428.7099915,175.9360809,84.2515564,0.8778826,11754,0.660397887,Osmancik
13814,477.5859985,198.9030762,89.67539978,0.892599881,14168,0.690976381,Cammeo
11099,421.9159851,168.9326324,86.08985138,0.860405207,11415,0.598006487,Osmancik
13627,476.9890137,201.194519,86.95225525,0.901787341,13926,0.780559063,Cammeo
10061,393.3829956,160.8769073,80.60932922,0.865411282,10242,0.620054245,Osmancik
11184,416.9249878,171.3773956,83.9644928,0.871756673,11349,0.649401903,Osmancik
14577,489.9079895,204.8460236,91.23347473,0.895343661,14870,0.781399071,Cammeo
14256,492.927002,209.8032074,87.69036865,0.90846318,14730,0.702266037,Cammeo
12840,454.4049988,184.8151855,89.92162323,0.873653352,13185,0.726655364,Osmancik
13950,490.427002,209.6511688,85.35925293,0.913361788,14158,0.55029583,Osmancik
13792,475.7820129,196.7065887,90.34710693,0.888281822,14183,0.773267567,Cammeo
10412,408.7200012,163.7529144,82.41429138,0.864120841,10735,0.689308167,Osmancik
14935,489.2340088,202.4066467,94.64573669,0.883939147,15251,0.609044909,Cammeo
10491,411.9949951,174.7058105,77.03625488,0.897532403,10658,0.767615438,Osmancik
11462,424.5570068,175.4199982,84.14051819,0.87745893,11650,0.798245013,Osmancik
11150,416.8989868,168.0202484,85.60216522,0.860485256,11420,0.725722492,Osmancik
12618,457.8980103,193.8157196,83.47735596,0.902492881,12851,0.582225919,Cammeo
12188,435.8609924,182.0326691,85.78117371,0.882004738,12363,0.765770316,Osmancik
9517,389.0010071,163.5093231,74.76004791,0.88935262,9649,0.581013441,Osmancik
12419,439.1570129,175.8540649,90.91184998,0.856001556,12675,0.62381959,Osmancik
13422,474.9549866,196.4542542,88.85059357,0.891880512,13817,0.559809804,Cammeo
11391,434.7869873,186.0183716,78.78858948,0.905871451,11623,0.7794047,Osmancik
15307,489.4710083,197.202652,100.132988,0.861494482,15628,0.679103792,Cammeo
9050,379.8989868,152.8709259,77.10934448,0.863465369,9387,0.674869478,Osmancik
11114,413.07901,170.099411,84.00698853,0.869535744,11293,0.76039958,Osmancik
10727,408.0419922,163.1713562,84.78304291,0.854412615,11017,0.692064524,Osmancik
14143,481.9079895,199.9907227,91.09355927,0.890241444,14450,0.584228337,Cammeo
12408,437.0140076,179.7411652,88.8296051,0.8693434,12598,0.63692826,Osmancik
12249,438.9020081,181.7255554,86.36489105,0.879851341,12428,0.62751025,Osmancik
14816,496.3160095,206.6574249,92.17412567,0.895021141,15194,0.581498504,Cammeo
9972,397.6380005,165.3995819,77.70961761,0.882757127,10230,0.795215309,Osmancik
12886,463.9030151,193.8765869,85.47773743,0.897562444,13196,0.595251322,Cammeo
14054,486.7650146,207.5825043,87.13072968,0.907644272,14343,0.789461851,Cammeo
10222,423.4970093,182.8002472,72.1242981,0.91887337,10421,0.820385218,Osmancik
15454,500.8970032,208.5415955,95.32327271,0.889418006,15773,0.583433986,Cammeo
10168,400.4779968,162.562973,81.08890533,0.866708279,10424,0.623727143,Osmancik
11539,434.3410034,178.9283295,83.03778076,0.885791183,11788,0.7086097,Osmancik
12461,454.0960083,191.9145203,83.66120148,0.899980783,12683,0.561508656,Cammeo
14518,491.2219849,203.7610626,92.34289551,0.891412914,14877,0.741319418,Cammeo
14873,499.6159973,210.2774963,91.58361816,0.900170863,15195,0.573030233,Cammeo
12845,464.1210022,194.3322144,85.52433777,0.897951961,13125,0.774962306,Osmancik
12912,459.7390137,188.7303619,88.96232605,0.881934166,13205,0.690481305,Osmancik
14934,488.2709961,201.0799561,95.97958374,0.878729284,15193,0.650378883,Cammeo
11553,433.7770081,183.2213745,80.94514465,0.897119105,11729,0.806773722,Osmancik
18313,538.4979858,222.4642487,106.1847458,0.878734171,18724,0.624420345,Cammeo
15807,513.5109863,219.2963257,92.29656982,0.907118201,16078,0.780978262,Cammeo
12152,447.9169922,185.2463074,85.78560638,0.886311591,12449,0.575378776,Osmancik
12859,445.0100098,184.3051758,89.47380829,0.874255776,13030,0.710442007,Cammeo
12225,444.1489868,190.2206116,82.50628662,0.90103811,12408,0.798549891,Osmancik
13169,474.8370056,201.3801117,84.48709106,0.907736659,13505,0.547112584,Cammeo
14314,484.7309875,206.8655396,88.56289673,0.903722763,14536,0.753368437,Cammeo
12303,439.3410034,184.3000183,85.29237366,0.886467457,12468,0.597465038,Osmancik
10773,407.8469849,167.3578491,82.64382172,0.869566977,10931,0.625319242,Osmancik
14146,504.3559875,214.0628815,85.7449646,0.916270673,14716,0.625265181,Cammeo
12682,459.9649963,195.4355011,83.60432434,0.903880656,12892,0.582812488,Cammeo
13062,469.4240112,200.62883,83.27462006,0.909790337,13279,0.663214028,Cammeo
12507,458.6499939,184.417038,88.10064697,0.878509343,12877,0.577263892,Osmancik
12735,441.3800049,174.7375183,94.1065979,0.842587352,13066,0.697426081,Osmancik
16091,508.8309937,209.1838837,99.23175812,0.880322516,16431,0.670458317,Cammeo
10585,409.3160095,167.7482758,81.42166138,0.874303281,10819,0.683564723,Osmancik
15609,492.6629944,202.2301636,99.01204681,0.871946752,15884,0.681020916,Cammeo
13818,467.8959961,189.2847595,94.47992706,0.866520345,14142,0.617453873,Osmancik
12200,447.2139893,191.1407013,81.57138062,0.904364467,12367,0.569747329,Osmancik
16037,523.9140015,223.0234375,92.54743958,0.909836292,16404,0.801048934,Cammeo
14573,493.7799988,209.3558197,89.43750763,0.904155552,14847,0.650580347,Cammeo
11784,438.1199951,181.7578888,83.74436188,0.887531638,11981,0.803765118,Cammeo
12735,473.0509949,200.6844482,81.73117828,0.913311303,13140,0.537613988,Cammeo
13467,473.3009949,203.0819244,84.99755859,0.908199191,13753,0.773965538,Cammeo
10980,428.0840149,181.8733521,77.56380463,0.904500961,11174,0.582802534,Osmancik
12549,456.9349976,193.39151,83.70135498,0.901486218,12905,0.797065556,Cammeo
10955,419.9949951,172.9310913,81.46966553,0.882074177,11147,0.614586234,Osmancik
15007,506.5799866,217.2674713,88.55015564,0.913177133,15314,0.73737222,Cammeo
14617,495.4500122,207.3158875,90.70746613,0.899202526,14950,0.637906969,Cammeo
10948,408.4389954,167.1761169,83.6878891,0.865680397,11132,0.754670143,Osmancik
12695,447.8340149,179.0823822,91.47324371,0.859706342,12947,0.607968986,Osmancik
13189,482.3670044,203.7174377,84.41487122,0.910107434,13635,0.596355557,Cammeo
15056,499.17099,202.8936005,96.13976288,0.880609214,15517,0.703551412,Cammeo
11050,416.4190063,168.3176422,85.25598145,0.862229168,11323,0.691749096,Osmancik
13269,485.6149902,207.1224518,83.32397461,0.915510833,13741,0.714770496,Cammeo
10740,422.7680054,182.96492,75.03801727,0.912030458,10886,0.556361377,Osmancik
12752,462.3599854,190.7341766,86.67176056,0.890792012,13112,0.628425002,Cammeo
12840,470.0960083,199.2614899,82.7935257,0.90959233,13072,0.557872772,Osmancik
9646,390.9559937,162.0136719,76.31642151,0.8821069,9815,0.675112009,Osmancik
12899,462.2690125,190.4305267,87.37380981,0.88852793,13132,0.682956517,Osmancik
15456,508.8210144,214.3044128,93.45649719,0.899901927,15884,0.780251384,Cammeo
15583,510.6910095,217.3515472,92.12089539,0.905740082,15826,0.686959982,Cammeo
11815,430.1069946,177.7969208,85.67855072,0.87623173,11993,0.706174195,Osmancik
12759,455.3150024,188.1911774,87.08290863,0.886495948,13082,0.675079346,Osmancik
12709,446.2049866,180.1974182,90.73625946,0.863973081,12958,0.626244187,Osmancik
12331,441.4400024,175.6099243,90.82543182,0.855864644,12617,0.61939925,Osmancik
10833,427.6839905,177.2799072,79.53668976,0.893707395,11158,0.763102293,Osmancik
11621,402.2109985,153.5849915,96.63773346,0.777232587,11797,0.810108066,Osmancik
10775,414.9979858,165.7289581,84.2712326,0.861068904,11036,0.634458005,Osmancik
11415,426.1650085,173.8845978,85.32834625,0.871318281,11634,0.596394956,Osmancik
15055,508.276001,218.9765167,88.4911499,0.91470927,15361,0.686220884,Cammeo
12798,469.2980042,202.1654053,81.58068085,0.914964497,13152,0.780365825,Cammeo
10469,402.4509888,159.3994904,84.83900452,0.846592605,10746,0.77410531,Osmancik
15159,515.1309814,216.0619202,91.02570343,0.90692389,15685,0.65071255,Cammeo
9994,406.6430054,173.0985107,74.46515656,0.902738631,10123,0.807009041,Osmancik
12726,455.3460083,188.7777863,86.93991089,0.88763839,13010,0.768478274,Osmancik
12054,439.6589966,184.5761566,84.05713654,0.890283763,12227,0.732276261,Osmancik
14806,509.3760071,214.1424255,89.6917038,0.908059418,15594,0.708794117,Cammeo
14226,492.1950073,207.0195618,88.36334229,0.904329181,14465,0.579140186,Cammeo
13444,474.5929871,197.9504242,87.63919067,0.896653473,13881,0.656605601,Cammeo
11295,417.3370056,174.0199432,83.1422348,0.878482699,11476,0.768576503,Osmancik
16302,526.3400269,225.3229675,92.99416351,0.91086024,16669,0.608351707,Cammeo
10695,406.4509888,164.5702972,84.04563904,0.859760463,10930,0.612332523,Osmancik
15080,512.9459839,211.9261169,92.14079285,0.900537729,15533,0.566768169,Cammeo
12712,470.5620117,202.1971436,81.30088043,0.915601373,13053,0.814871788,Cammeo
13928,479.723999,204.4302826,87.08270264,0.904733717,14158,0.566270947,Cammeo
11274,426.8500061,177.3981018,82.00109863,0.886753082,11539,0.635333896,Osmancik
12267,438.2640076,175.5909729,90.18747711,0.858016253,12519,0.624084234,Osmancik
16403,521.9089966,215.1509094,98.40094757,0.889282763,16867,0.588765264,Cammeo
13782,457.4920044,180.9152832,97.97387695,0.84067136,14147,0.655256033,Osmancik
10474,420.1239929,176.7669373,76.98861694,0.900170624,10762,0.688625932,Osmancik
11926,435.7539978,173.2695923,89.63291168,0.855802178,12308,0.753189325,Osmancik
14608,483.1610107,201.0349426,93.46073151,0.885364294,14845,0.655008495,Osmancik
15204,510.4869995,216.316864,90.8539505,0.907522261,15535,0.562111795,Cammeo
15777,515.684021,218.6982422,93.20509338,0.904637814,16111,0.567191541,Cammeo
11309,427.6579895,176.2814636,83.04570007,0.88208133,11508,0.812428176,Osmancik
10795,411.2999878,168.3895569,82.64344788,0.871279478,11029,0.760425448,Osmancik
13710,467.4049988,193.8887024,90.85185242,0.883422494,13915,0.72886765,Osmancik
14161,488.6870117,206.5074615,87.96766663,0.904733479,14428,0.593951821,Cammeo
15073,498.3619995,205.8031006,93.99627686,0.889605761,15476,0.613921463,Cammeo
13839,481.5880127,201.3427887,88.88829803,0.897272348,14165,0.716935217,Cammeo
11444,424.368988,174.2206573,84.26457214,0.875252783,11638,0.656569123,Osmancik
11790,444.3429871,184.4224854,82.44760895,0.894504786,12103,0.59605664,Osmancik
11279,426.2120056,168.4024658,86.92972565,0.85646677,11651,0.660904706,Osmancik
11189,427.4710083,176.9429932,81.42933655,0.88781476,11422,0.59911114,Osmancik
13203,469.4660034,199.3418579,85.38957214,0.903609395,13431,0.601558208,Cammeo
11718,439.20401,182.2645874,82.59560394,0.891427577,11967,0.648837209,Osmancik
12115,449.197998,187.5915833,83.37023926,0.895816445,12440,0.566863179,Osmancik
10634,409.506012,167.4369659,81.81295776,0.872497022,10809,0.683770597,Osmancik
13429,491.3770142,208.908783,83.84211731,0.91593194,13837,0.533066034,Cammeo
14440,498.118988,210.2735291,88.98815155,0.906035423,14918,0.776302338,Cammeo
12274,453.1289978,190.9840393,82.71131134,0.901355624,12466,0.560354292,Osmancik
11422,419.9070129,168.0318909,88.29070282,0.850830555,11687,0.618073583,Osmancik
12711,458.7330017,188.3154297,86.86006927,0.887271404,13092,0.57829845,Osmancik
10928,408.8630066,168.1287231,83.06417847,0.869432867,11113,0.626857102,Osmancik
11454,424.95401,175.0766602,84.24492645,0.876617014,11646,0.733102918,Osmancik
13415,470.355011,197.0299377,87.65262604,0.895595372,13629,0.582248271,Cammeo
11568,429.072998,178.3329773,83.63752747,0.883200049,11790,0.751217604,Osmancik
11016,404.3540039,166.7065887,84.50534821,0.861998618,11146,0.763303757,Osmancik
10388,400.5910034,166.1858063,80.09373474,0.8761971,10536,0.670193553,Osmancik
11961,448.5650024,189.1801453,81.78645325,0.901720047,12275,0.753401339,Osmancik
12091,463.3510132,203.5943909,76.65410614,0.926414967,12298,0.793060482,Cammeo
12820,459.17099,193.7050934,84.83408356,0.898997009,13002,0.59616816,Cammeo
16318,537.4470215,232.0368195,90.71050262,0.920419753,16592,0.598167181,Cammeo
12223,445.4389954,185.0290833,85.37150574,0.887194812,12460,0.796027362,Cammeo
14906,497.8250122,211.3419037,90.6529541,0.903333068,15150,0.597482741,Cammeo
13445,490.8150024,216.1729736,79.60009766,0.929737091,13640,0.535444021,Cammeo
11243,430.9330139,179.9996643,81.03175354,0.89293921,11524,0.738941848,Osmancik
14115,490.4079895,207.959549,87.42121124,0.907350004,14580,0.570579648,Cammeo
13404,468.2149963,191.5484161,90.53829956,0.881242037,13804,0.706514835,Cammeo
10871,416.5379944,171.4437103,82.22730255,0.877478004,11156,0.600840092,Osmancik
13328,462.256012,187.2299805,91.63737488,0.872038364,13606,0.609837592,Osmancik
10620,404.9320068,164.5205536,83.29569244,0.862361193,10863,0.761836469,Osmancik
14124,486.5910034,202.9608307,89.87580109,0.896608889,14576,0.702721536,Cammeo
13662,466.7479858,191.4051208,91.9151535,0.877152145,13875,0.587461293,Cammeo
11438,433.9179993,178.3515625,83.5476532,0.883493364,11767,0.743016779,Osmancik
9322,385.4159851,157.3514557,76.3523407,0.874384105,9566,0.636531234,Osmancik
12032,437.303009,176.7515564,87.45618439,0.869008422,12264,0.641433001,Osmancik
10982,421.4100037,177.8002625,78.93739319,0.896043301,11167,0.594071209,Osmancik
12993,466.2390137,199.0335236,83.48303986,0.907782078,13230,0.786644042,Cammeo
12349,467.6650085,202.6878052,78.67498016,0.921592653,12572,0.548162282,Cammeo
11285,425.7550049,175.4243927,82.9513855,0.881136894,11525,0.750282586,Osmancik
10327,403.3959961,166.081131,79.95890045,0.876476407,10576,0.62330997,Osmancik
15433,519.5219727,218.3880157,91.67455292,0.907626688,15887,0.779444456,Cammeo
12671,448.1199951,181.4938202,90.35111237,0.867280841,12949,0.740647674,Osmancik
14709,489.5289917,204.9234619,91.86573029,0.893886745,15041,0.639799893,Cammeo
14690,506.855011,214.1594849,88.87600708,0.909821808,15064,0.584397495,Cammeo
13099,453.3659973,180.9826355,93.60396576,0.855865419,13377,0.627316713,Osmancik
10499,403.2780151,162.4573364,83.75511932,0.856858611,10749,0.744926929,Osmancik
15907,527.2109985,224.2521973,91.44113922,0.913089037,16206,0.547667384,Cammeo
9802,412.368988,176.1655731,71.48280334,0.913975,9991,0.566950083,Osmancik
15147,511.2940063,216.0992889,90.94638824,0.907128096,15637,0.53485167,Cammeo
10993,422.5150146,174.5363617,80.96794891,0.885886014,11179,0.664912581,Osmancik
14015,475.723999,195.32164,92.48479462,0.88079381,14492,0.748624563,Cammeo
13742,493.8540039,212.6080017,84.88685608,0.916835725,14272,0.583227217,Cammeo
12962,456.7139893,185.9990997,90.16757202,0.874639332,13224,0.608373225,Osmancik
14509,496.0660095,211.1375732,88.72329712,0.907424331,14836,0.558296144,Cammeo
14913,502.8680115,215.6001434,88.82379913,0.911191106,15300,0.692725778,Cammeo
13337,471.8469849,199.1446686,86.46564484,0.900823712,13686,0.664457977,Cammeo
13002,465.1799927,191.2966461,87.92189789,0.888120711,13345,0.735740125,Osmancik
10148,408.2279968,168.7253571,77.14332581,0.889357567,10409,0.583251894,Osmancik
10919,428.7019958,182.9326477,77.90177155,0.904794037,11162,0.609047294,Osmancik
14305,490.1820068,206.8847198,88.67579651,0.903482914,14695,0.654182076,Cammeo
13576,475.0499878,200.9994202,86.54899597,0.902546108,13888,0.583286762,Cammeo
11639,432.3869934,178.6948547,83.95451355,0.882761955,11940,0.593584239,Osmancik
12086,438.5029907,179.4166412,86.54946899,0.875954509,12292,0.62947917,Osmancik
11447,436.868988,180.4373169,82.31012726,0.889892578,11733,0.572579026,Osmancik
15982,523.1740112,220.0149994,94.21848297,0.903666615,16337,0.569200099,Cammeo
15228,505.2650146,209.6252747,93.5268631,0.894952178,15501,0.739223301,Cammeo
15094,506.5069885,217.9382935,89.09558868,0.912619054,15346,0.668556511,Cammeo
13196,474.9880066,199.981308,85.65816498,0.903621972,13463,0.556464553,Cammeo
11714,412.2019958,161.3081818,93.22561646,0.816082895,11886,0.764322042,Osmancik
12153,451.2109985,187.7691956,83.64883423,0.89528811,12497,0.706487596,Cammeo
12643,449.3420105,184.7780762,87.9887085,0.879344642,12903,0.77204448,Osmancik
13245,476.1369934,204.944397,83.1582489,0.91397965,13536,0.799625695,Cammeo
13678,472.1229858,200.25354,88.02668762,0.89820534,13879,0.578840435,Cammeo
11718,449.3439941,189.1406708,80.11981964,0.905849755,12133,0.630542397,Cammeo
11239,419.8619995,170.4618988,85.5631485,0.864897311,11609,0.622521341,Osmancik
9679,399.8479919,168.5392151,74.09880066,0.89816761,9917,0.625096858,Osmancik
12921,476.7460022,206.2226257,80.40367889,0.920862377,13218,0.546920657,Cammeo
15655,513.3010254,216.098999,93.5671463,0.901402175,16085,0.565652549,Cammeo
11743,432.5469971,175.7979279,86.18153381,0.87159276,12077,0.733204305,Osmancik
7833,373.1570129,162.5164337,63.56500244,0.920335591,8015,0.769752383,Osmancik
11178,419.2780151,166.6143036,87.0708847,0.852584481,11507,0.604477584,Osmancik
12605,448.8460083,186.7164459,86.67118073,0.885737717,12804,0.725969017,Osmancik
12408,454.3909912,191.8965302,83.03347778,0.901538372,12664,0.583905876,Osmancik
11184,419.4750061,172.6215057,83.55088806,0.875061333,11347,0.608653069,Osmancik
11350,445.9110107,187.8549194,78.40882111,0.908727348,11771,0.670566022,Osmancik
12610,454.6870117,185.6487732,87.92713165,0.880728841,12934,0.59788537,Osmancik
12556,474.0239868,207.954422,77.71006775,0.927554488,12832,0.564822316,Cammeo
13183,464.571991,190.6912689,88.76956177,0.885040224,13473,0.593909085,Cammeo
13321,467.4079895,200.9202881,85.13778687,0.905784309,13543,0.598696649,Cammeo
10584,437.0480042,188.4414215,72.54808807,0.922920704,10936,0.558051229,Osmancik
14449,496.3259888,209.7057648,89.79036713,0.903696716,14810,0.66231209,Cammeo
14250,486.1239929,201.2189331,91.93981934,0.889510691,14636,0.593675792,Cammeo
13568,482.4570007,201.8804779,87.07385254,0.902201951,14068,0.635801315,Cammeo
14232,492.54599,205.026947,89.55808258,0.89955318,14620,0.715175867,Cammeo
13350,466.618988,196.5089722,87.16155243,0.896249652,13562,0.799209774,Cammeo
11479,429.1740112,176.478302,83.616539,0.880629063,11739,0.619615674,Osmancik
12613,459.9129944,193.3721466,84.31452942,0.899935961,12937,0.627887309,Osmancik
13949,479.4020081,200.0951385,90.09468842,0.892897844,14286,0.581547558,Cammeo
14556,487.4190063,208.7312622,89.19512177,0.904100299,14819,0.776485622,Cammeo
12692,447.7390137,174.8806305,94.16078949,0.842670977,13148,0.645706117,Osmancik
13809,489.0220032,213.8255463,82.49403381,0.92258215,14070,0.805753291,Cammeo
14960,482.1400146,199.5439758,96.21820068,0.876066387,15149,0.611860931,Osmancik
11774,433.7290039,180.2784882,84.22351074,0.884159267,12036,0.797696471,Osmancik
11083,421.7869873,171.485672,83.67474365,0.872877121,11415,0.6976583,Osmancik
15199,489.5440063,205.3157349,94.80870056,0.886999547,15419,0.763999224,Cammeo
12263,444.95401,180.2208557,87.54528809,0.874088526,12478,0.604505599,Osmancik
11240,438.5130005,186.4797363,77.60256195,0.90929842,11492,0.565221786,Osmancik
12368,455.0239868,195.9393463,80.80905914,0.910994411,12573,0.796907246,Cammeo
14339,492.3080139,205.7731628,90.85659027,0.897242725,14818,0.62747246,Cammeo
16194,528.1209717,226.8743896,91.63518524,0.914801955,16524,0.552017987,Cammeo
17437,536.8989868,230.2574615,97.31147766,0.906306863,17650,0.759153664,Cammeo
11968,430.0669861,170.0013733,90.97499084,0.84476167,12252,0.63982892,Osmancik
14407,482.79599,202.8323364,91.19192505,0.893233716,14671,0.742628872,Cammeo
11592,428.427002,177.6215057,83.73834991,0.881896734,11764,0.75272727,Osmancik
12101,435.9289856,178.3973236,86.98376465,0.873075843,12302,0.740575254,Osmancik
12950,468.5700073,196.6167908,84.80031586,0.902209818,13584,0.761809528,Cammeo
10727,406.4530029,168.9637146,81.3238678,0.876550615,10868,0.797783732,Osmancik
14626,496.5859985,204.5341339,92.97486877,0.890711546,15070,0.57021445,Cammeo
12709,461.0119934,190.7787476,87.41279602,0.888854563,13064,0.786934972,Cammeo
9070,375.0939941,156.9848938,74.22942352,0.881145954,9233,0.737398386,Osmancik
15569,504.7539978,214.5067749,93.19715881,0.90068543,15815,0.773038745,Cammeo
13328,489.3859863,217.285614,78.70890808,0.932085991,13530,0.757444859,Cammeo
12609,475.3599854,202.7544098,81.27371979,0.91614455,13210,0.706941009,Cammeo
15127,499.7999878,212.9039154,91.15163422,0.903714776,15370,0.712999642,Cammeo
12672,445.5429993,180.4552765,90.30992889,0.865761995,12900,0.625685096,Osmancik
11302,418.95401,172.0899048,84.01642609,0.872724831,11501,0.620035112,Osmancik
12067,440.0010071,187.7613525,82.31121063,0.898788691,12200,0.617237866,Osmancik
11597,433.6820068,180.8438873,82.67797852,0.889374852,11803,0.605524242,Osmancik
15773,515.7940063,219.4337616,92.62104797,0.906553388,16089,0.705411434,Cammeo
13753,461.1300049,185.5310364,95.42746735,0.857581735,13962,0.651183724,Osmancik
10612,413.8559875,169.8791656,80.89677429,0.879335999,10924,0.671985805,Osmancik
13639,482.4150085,200.7362213,87.73310089,0.89943397,14042,0.730295539,Cammeo
15069,505.4549866,211.9064941,91.93553925,0.90098536,15431,0.553518951,Cammeo
14423,507.0820007,221.5334778,83.90892029,0.92549324,14703,0.542218029,Cammeo
13746,483.8200073,205.8421936,86.18869019,0.908118844,14060,0.715937495,Cammeo
12489,444.0079956,175.3297424,92.48181152,0.849571407,12853,0.744234562,Osmancik
14316,488.9859924,204.4242706,90.14910126,0.897511899,14731,0.564177334,Cammeo
12950,464.8869934,194.4283905,85.82198334,0.897307217,13288,0.600203931,Cammeo
17856,530.4160156,223.2923584,102.9012756,0.887485027,18062,0.795721948,Cammeo
11253,422.8779907,173.4837341,84.12680817,0.874555051,11556,0.752004802,Osmancik
11151,438.2619934,191.6008759,74.847435,0.920542479,11325,0.665969908,Cammeo
14988,491.7070007,205.0606689,94.85704041,0.886577368,15270,0.582013071,Cammeo
11298,436.6560059,183.2994232,79.59326172,0.900804281,11650,0.725812674,Osmancik
10690,404.6400146,165.3701935,83.37030792,0.863619924,10855,0.620789766,Osmancik
11392,427.571991,173.0794525,85.35463715,0.869942665,11638,0.59847647,Osmancik
14263,489.4460144,205.8117828,89.50908661,0.900475144,14637,0.663179457,Cammeo
10800,406.4830017,163.4089661,85.19110107,0.853350997,10960,0.630656958,Osmancik
13380,469.177002,190.813324,91.01315308,0.878916919,13747,0.619616568,Cammeo
12581,439.1549988,171.1239014,95.38031006,0.830260396,12858,0.695736349,Osmancik
15290,500.1879883,204.1533661,96.69033051,0.880731404,15605,0.788957715,Cammeo
11969,442.1589966,177.6001129,87.86295319,0.869050443,12352,0.592730165,Osmancik
10924,414.3120117,170.8072357,82.64398193,0.875154495,11171,0.672825813,Osmancik
11422,414.8160095,166.049408,88.44297791,0.846347928,11624,0.709441006,Osmancik
11856,456.4219971,201.0033722,75.42108154,0.9269346,12027,0.716461182,Cammeo
11147,417.4620056,169.3327179,84.87739563,0.865304708,11331,0.715468526,Osmancik
15303,505.928009,209.6199188,94.15700531,0.893441439,15746,0.624612272,Cammeo
14680,495.4440002,206.7537537,91.29646301,0.897226334,15091,0.611590207,Cammeo
11332,428.6059875,173.0604706,84.94743347,0.871241808,11628,0.598184109,Osmancik
12437,434.6719971,174.9661865,91.87350464,0.851044893,12670,0.728630841,Osmancik
13325,468.3500061,188.9027405,90.83171082,0.87680918,13643,0.612643659,Osmancik
15600,502.8429871,205.2755127,99.05281067,0.875876188,16130,0.721420646,Cammeo
9962,404.9450073,170.9164886,74.79293823,0.899170101,10137,0.576104581,Osmancik
10577,402.1700134,162.5910187,83.96336365,0.856342435,10771,0.760716319,Osmancik
15806,513.8449707,221.1923828,91.62950897,0.910161972,16043,0.574868143,Cammeo
12613,450.2059937,184.8757324,88.06604004,0.879254341,12832,0.607299328,Osmancik
10662,420.1950073,175.8825073,78.51628113,0.894826949,10944,0.569429636,Osmancik
11794,434.618988,176.4444427,86.10284424,0.87285012,12110,0.598376453,Osmancik
11818,433.8280029,175.963913,86.77378082,0.869953394,12118,0.714942515,Osmancik
11883,440.5419922,187.2053528,82.01986694,0.898912728,12057,0.562109768,Osmancik
11912,439.6359863,179.9776001,85.30269623,0.880544841,12222,0.603964925,Osmancik
15517,481.3779907,194.6375122,102.0583878,0.85150218,15718,0.650117338,Cammeo
15452,513.2620239,220.0390778,90.55233765,0.911396921,15775,0.781193137,Cammeo
12293,442.052002,180.3721771,88.5213089,0.871289015,12607,0.602066815,Osmancik
13344,469.5280151,196.6878967,87.38163757,0.895895183,13609,0.599137902,Osmancik
14505,492.6820068,205.4121399,90.76255035,0.897086084,14834,0.582951546,Cammeo
10598,411.4790039,162.2022858,85.22140503,0.850854099,10936,0.593526006,Osmancik
13266,466,198.0613861,86.09347534,0.900584579,13514,0.654335618,Cammeo
11245,421.5480042,174.5754852,82.9138031,0.880015314,11475,0.681928456,Osmancik
11866,436.1289978,176.1208649,87.78805542,0.866916478,12210,0.616223514,Osmancik
11128,423.2369995,173.39534,82.44134521,0.879741073,11372,0.599149287,Osmancik
11352,422.3240051,171.0198059,85.81471252,0.86499393,11581,0.785714269,Osmancik
14938,502.6870117,209.6447296,92.03596497,0.898482561,15331,0.635200083,Cammeo
11917,437.3039856,179.5764771,85.64931488,0.878929496,12192,0.639358342,Osmancik
14011,493.8789978,212.6303101,85.02820587,0.916564226,14336,0.627986193,Cammeo
11723,427625,175.9842224,85.70833588,0.873389244,11916,0.802066207,Osmancik
11201,423.2810059,175.0401611,83.43683624,0.879080951,11386,0.592645526,Osmancik
13221,448.644989,181.138916,93.82220459,0.855406523,13378,0.625402093,Osmancik
11748,433.7709961,178.3394775,85.62522125,0.877200127,12053,0.652956843,Osmancik
13636,482.053009,202.4046783,86.88379669,0.90318197,13982,0.584007859,Cammeo
10025,400.5109863,167.5635223,77.07865143,0.887920678,10181,0.595026135,Osmancik
16000,515.3809814,215.714325,94.95480347,0.897905767,16289,0.673655868,Cammeo
14105,496.2279968,209.2754211,86.94194794,0.909619331,14567,0.603706539,Cammeo
11928,439.9190063,181.0348358,85.22491455,0.882258475,12218,0.590611994,Osmancik
14729,496.9389954,209.5204163,90.88716125,0.901015639,15131,0.612076104,Cammeo
12192,428.5929871,172.949585,90.53118896,0.852053821,12383,0.740524769,Osmancik
13819,487.6700134,207.9707642,86.18774414,0.910084665,14181,0.569691241,Cammeo
14851,512.3189697,218.0083618,88.49666595,0.913903058,15556,0.717751682,Cammeo
11960,440.9419861,182.0534363,84.72266388,0.885114908,12191,0.626506031,Osmancik
11905,443.7690125,185.2702332,83.60573578,0.892390668,12209,0.627206147,Osmancik
12358,447.1740112,183.4646149,87.74208069,0.87822336,12586,0.584578991,Osmancik
11106,415.9849854,175.1867523,81.15784454,0.886219919,11257,0.609985173,Osmancik
11075,416.8500061,165.2962646,86.2791214,0.852965951,11315,0.661273003,Osmancik
13933,483.9320068,207.2059326,86.29931641,0.90914005,14238,0.588386834,Cammeo
15936,522.7670288,224.6175079,91.12374115,0.914013386,16298,0.609081209,Cammeo
12582,446.2900085,180.488266,89.40398407,0.868696272,12801,0.703376591,Osmancik
12215,445.2950134,180.9094696,87.40585327,0.875539303,12448,0.588107824,Osmancik
13980,479.1799927,206.3290405,87.03672028,0.906672835,14137,0.861049533,Cammeo
11220,418.5490112,172.7580261,83.32672119,0.875988543,11380,0.60661763,Osmancik
14360,494.4570007,205.0970001,90.11699677,0.898297787,14825,0.657509148,Cammeo
15192,494.8890076,208.7244873,93.38067627,0.894340336,15410,0.626474202,Cammeo
13939,484.3930054,207.0262756,86.2234726,0.909142315,14233,0.642468631,Cammeo
17338,530.0440063,222.0843658,100.549118,0.89163655,17725,0.792449355,Cammeo
14851,517.3469849,217.6983948,88.81024933,0.913003862,15256,0.728061557,Cammeo
9154,383.677002,158.3173676,74.56001282,0.882158399,9346,0.74750942,Osmancik
12149,455.5620117,191.4457245,82.05867004,0.903481901,12510,0.714226902,Cammeo
12437,462.7269897,193.9209137,83.32164764,0.902986825,12841,0.575947046,Osmancik
14212,484.9460144,205.0032349,89.6155014,0.899392545,14502,0.752196491,Cammeo
13888,481.7479858,205.7463226,87.00279999,0.906192958,14178,0.585102797,Cammeo
11765,429.3349915,174.3313599,86.89266968,0.866927683,11963,0.614681304,Osmancik
13567,481.4049988,202.0196991,86.41854858,0.903886259,13976,0.750927091,Cammeo
14410,483.8089905,200.6350555,92.5211792,0.887326539,14788,0.583211899,Cammeo
11074,426.5249939,182.8318939,77.69914246,0.905204654,11291,0.744821072,Osmancik
14960,510.7290039,218.369873,88.05952454,0.915086091,15235,0.578275979,Cammeo
9225,387.8240051,163.4049835,72.74552155,0.895438373,9422,0.585045636,Osmancik
12124,446.4400024,188.9753418,82.71679688,0.899115205,12336,0.740351737,Osmancik
11682,437.0400085,176.2309875,86.32249451,0.871820271,11969,0.581194043,Osmancik
10974,413.5,170.5678253,83.24488068,0.872818112,11142,0.764099717,Osmancik
9630,396.8930054,163.8465424,75.77573395,0.88662976,9935,0.725150585,Osmancik
13887,483.1679993,203.4208527,88.11791229,0.901307285,14240,0.684392095,Cammeo
11125,420.2090149,173.171936,82.77818298,0.878353536,11408,0.64213562,Osmancik
15953,522.1859741,220.7552338,93.042099,0.906841516,16307,0.789361715,Cammeo
13024,469.6470032,193.9221497,87.51404572,0.892380178,13422,0.539564192,Osmancik
11792,427.7829895,180.8717499,83.27078247,0.887718976,11923,0.718323588,Osmancik
9236,394.3410034,160.928894,74.24967957,0.887201667,9465,0.577394366,Osmancik
13400,468.2279968,187.6287384,92.69112396,0.869454265,13756,0.599713564,Osmancik
11173,420.9339905,175.6545868,81.66387177,0.885357022,11396,0.801966667,Osmancik
12868,454.8590088,191.5861511,86.5089035,0.892250657,13082,0.786744952,Osmancik
11689,434.8770142,183.5699921,81.76420593,0.895325899,11856,0.572316885,Osmancik
13655,471.5249939,193.1961823,91.55775452,0.880572855,14053,0.710975766,Cammeo
13735,484.7709961,204.8106384,86.7587204,0.905847192,13960,0.553696692,Cammeo
13121,475.9100037,202.6862335,83.13021851,0.912021518,13439,0.571970344,Cammeo
11623,427.4700012,178.89151,83.56008148,0.884204924,11798,0.62623924,Osmancik
14956,490.256012,204.5412292,93.75128937,0.888772249,15196,0.672784507,Cammeo
14732,497.6940002,207.4682007,91.29447174,0.897977769,15000,0.580365598,Cammeo
11835,418.7130127,168.2098236,90.15866089,0.844224811,12025,0.665485859,Osmancik
13244,467.6440125,193.4249725,88.63653564,0.888824582,13672,0.797927439,Cammeo
12340,456.3970032,189.2250671,84.49087524,0.894778669,12624,0.636148036,Osmancik
11180,427.7080078,174.7035217,82.88113403,0.880303919,11518,0.721942425,Osmancik
14817,502.6440125,214.5908508,89.05412292,0.909823716,15275,0.797985792,Cammeo
13218,458.7630005,183.630661,93.50395966,0.860650718,13547,0.776615739,Osmancik
10272,413.6919861,175.919632,74.96435547,0.904662669,10462,0.594788671,Osmancik
12587,461.7810059,193.9949493,83.73388672,0.902051151,12910,0.669521272,Osmancik
14400,481.506012,193.782959,96.51618958,0.867140651,14876,0.683890581,Cammeo
10919,428.348999,179.6831055,77.92034149,0.901079357,11143,0.595820129,Osmancik
10083,402.9320068,169.0268097,76.9822998,0.890264273,10283,0.644610643,Osmancik
12633,452.0029907,186.4344788,87.42463684,0.883235574,12863,0.584617496,Osmancik
12737,445.1539917,178.9357452,91.93397522,0.857920706,12942,0.618541181,Osmancik
14641,505.0020142,211.5836487,90.03343201,0.904948235,15034,0.629557967,Cammeo
13413,465.605011,198.8527222,86.09415436,0.901415825,13620,0.635325909,Cammeo
11075,412.2380066,165.4339447,86.41810608,0.852717519,11354,0.632134676,Osmancik
12725,441.6799927,170.2327576,97.73902893,0.81875062,13081,0.641219437,Osmancik
12442,459.5350037,187.5088501,87.18730164,0.88532275,12941,0.587579668,Cammeo
11323,422.4379883,169.9845581,86.26496124,0.861659348,11628,0.60312134,Osmancik
13860,483.9710083,207.7891998,85.9610672,0.910416186,14047,0.648148119,Cammeo
12213,459.1669922,195.5865479,80.6401062,0.911048651,12571,0.543403804,Cammeo
12469,446.8410034,191.3866577,83.25487518,0.900426209,12625,0.59145242,Osmancik
11510,433.5140076,180.3823242,82.62195587,0.888932645,11827,0.767026544,Cammeo
11335,426.5840149,172.746994,85.12076569,0.870171964,11618,0.666764677,Osmancik
12136,455.4289856,195.5704041,80.09986877,0.912278473,12334,0.772304952,Osmancik
13605,466.9370117,191.5222321,91.73204803,0.877835155,13919,0.612010777,Cammeo
11964,447.506012,191.4438477,80.27490997,0.907841682,12166,0.754683673,Osmancik
14839,504.0840149,211.3695984,91.34764099,0.901792049,15274,0.626382411,Cammeo
15168,504.980011,212.8260345,91.61981964,0.902594566,15432,0.583653986,Cammeo
11746,436.9500122,185.2539063,81.15396118,0.898941457,11926,0.589481056,Osmancik
11601,416.6459961,165.7809906,89.89610291,0.840211928,11782,0.645216882,Osmancik
15594,515.6610107,216.5342712,93.27998352,0.902454019,16029,0.666666687,Cammeo
9764,390.9570007,160.2270966,78.8616333,0.870489717,9956,0.648813903,Osmancik
11181,420.4129944,171.0338287,84.87569427,0.868179142,11406,0.792416751,Osmancik
13635,455.54599,189.4315796,92.07763672,0.873918056,13785,0.748517811,Osmancik
13982,495.3410034,214.1675568,84.77728271,0.91831708,14298,0.781466603,Cammeo
10271,415.5390015,177.8222351,74.39627838,0.908274651,10422,0.566082478,Osmancik
12292,457.2860107,194.8883209,80.99093628,0.909558356,12561,0.563827336,Cammeo
11377,456.45401,200.8426056,72.35116577,0.932860374,11573,0.752248108,Cammeo
12396,460.0020142,195.3233032,81.92961121,0.907775462,12676,0.73305738,Cammeo
13200,477.8510132,202.5969543,83.68836975,0.910695612,13585,0.641399443,Cammeo
12397,435.9490051,174.2316895,91.89647675,0.849593341,12761,0.643064618,Osmancik
9360,399.3919983,171.0101776,70.23106384,0.911777914,9533,0.692307711,Osmancik
10897,420.5549927,168.1186523,83.56301117,0.867723107,11174,0.640849233,Osmancik
12975,463.8510132,196.4239655,85.06411743,0.901363254,13358,0.609126329,Cammeo
12745,453.0350037,187.0058441,87.66728973,0.883307338,13040,0.605175674,Cammeo
12126,432.9509888,169.8047485,92.43898773,0.838836133,12476,0.751860142,Osmancik
11646,435.6069946,177.8407898,84.54723358,0.879764497,11902,0.622115374,Osmancik
15547,501.8049927,208.499176,95.80786133,0.888171613,15867,0.598283708,Cammeo
16625,535.9890137,229.7935944,93.0896225,0.914271951,16951,0.654141247,Cammeo
14467,498.6239929,213.5956268,86.99999237,0.913289249,14857,0.740757823,Cammeo
8604,373.6830139,153.5796051,72.30964661,0.882224798,8787,0.602563202,Osmancik
13237,466.0029907,197.9048004,85.70957184,0.90135318,13445,0.592418551,Cammeo
14017,491.0979919,212.42836,84.69094849,0.917090118,14287,0.762124836,Cammeo
12730,462.3699951,192.6936188,85.33430481,0.896595895,13160,0.633711696,Osmancik
14566,498.026001,208.2254333,90.5405426,0.900517523,14927,0.560834765,Cammeo
14817,502.5830078,211.5290222,90.38519287,0.904112518,15113,0.568027616,Cammeo
11062,410.0960083,165.4694672,86.0553894,0.854124784,11213,0.630816579,Osmancik
13909,488.7080078,206.3518524,86.97563171,0.906832159,14362,0.543341517,Cammeo
13548,479.7489929,203.2718811,85.60246277,0.907003522,13850,0.554427922,Cammeo
10560,400.1789856,168.2690582,80.58906555,0.877853215,10691,0.637373269,Osmancik
13484,480.7860107,204.2075958,84.90129089,0.909474492,13827,0.658559203,Cammeo
14434,486.6679993,201.2719574,92.73377228,0.88753581,14754,0.625986636,Cammeo
12661,436.9219971,174.8322906,93.07769775,0.846503794,12898,0.701984942,Osmancik
15676,512.335022,214.7678528,93.72193909,0.899758995,15961,0.779280186,Cammeo
15557,509.0220032,211.933548,94.75859833,0.894476652,16075,0.643117011,Cammeo
12547,434.9370117,174.3794098,92.45401764,0.847879589,12856,0.779316783,Osmancik
11422,421.0650024,169.5421906,87.03211975,0.858187675,11669,0.611816406,Osmancik
11717,430.9179993,174.6403351,86.0923233,0.870046735,11948,0.65148735,Osmancik
14840,512.0079956,220.5143127,86.4150238,0.920016587,15160,0.564172745,Cammeo
13368,487.5509949,202.5396271,86.57293701,0.904045105,13965,0.718246281,Cammeo
12414,453.3829956,188.5623016,85.32583618,0.891760647,12721,0.588173985,Cammeo
11659,429.7149963,173.3482819,87.5477829,0.863096058,11912,0.608761489,Osmancik
11726,450.7449951,189.0930786,80.31674957,0.905312002,12061,0.556261837,Osmancik
10066,413.2829895,177.3069,73.48820496,0.910063446,10262,0.546411872,Osmancik
11573,446.9240112,186.3487854,80.14228821,0.902797401,11884,0.572240889,Osmancik
10908,414.9970093,174.4491577,80.5641861,0.886973441,11062,0.754983366,Osmancik
11136,427.1099854,175.6530762,81.91877747,0.884591401,11474,0.574375927,Osmancik
15136,503.2600098,208.7720184,94.06877899,0.892735362,15471,0.595905483,Cammeo
12700,452.428009,185.6102295,88.25029755,0.879737198,12910,0.680746138,Osmancik
11042,430.7600098,185.5081024,76.13742065,0.911893725,11224,0.678463876,Osmancik
14868,510.4339905,219.333786,88.03911591,0.915905774,15190,0.796699166,Cammeo
14865,495.0710144,202.8678589,94.27194977,0.885470092,15235,0.604194582,Cammeo
11470,427.197998,174.039093,85.10541534,0.872282803,11767,0.639781356,Osmancik
15126,500.1140137,209.1668091,93.81420898,0.89377588,15496,0.706030607,Cammeo
14226,491.3890076,213.7867126,85.35411835,0.91684258,14483,0.664393783,Cammeo
16412,515.1149902,208.6945496,101.9417572,0.87257874,16857,0.773785949,Cammeo
14162,480.2529907,202.8959198,89.48752594,0.897481859,14414,0.584024072,Cammeo
14961,502.9089966,215.1925049,89.23142242,0.909977078,15218,0.675318241,Cammeo
12555,444.5799866,184.8253326,87.36722565,0.881222546,12773,0.652207792,Cammeo
14115,483.7799988,206.8418732,88.06864929,0.904827833,14312,0.747656107,Cammeo
15830,520.7819824,215.1391754,95.17147064,0.89683181,16326,0.61051333,Cammeo
12096,438.8569946,179.3483582,86.96103668,0.874585032,12333,0.661091983,Osmancik
11589,449.3609924,196.646698,75.979599,0.922341287,11783,0.562928081,Cammeo
14571,489.7309875,202.3937683,92.94208527,0.888325572,14884,0.584898829,Cammeo
11658,424.5339966,170.7699432,88.24642181,0.856132627,11963,0.682992578,Osmancik
10533,411.0130005,168.5183258,80.82944489,0.877461135,10834,0.636973858,Osmancik
10921,425.0119934,175.6383209,80.60688019,0.888468921,11271,0.770440936,Osmancik
15143,504.1400146,207.7341766,94.14838409,0.891400874,15628,0.571326137,Cammeo
12726,434.7720032,175.7317505,93.30850983,0.847389817,12896,0.808000028,Osmancik
17313,531.9840088,225.5345917,98.44350433,0.899709284,17582,0.569881499,Cammeo
10667,415.2369995,170.3361511,81.36894226,0.878525078,11041,0.687749863,Osmancik
14563,496.776001,206.1271515,91.53044128,0.896002769,15116,0.591054857,Cammeo
11396,446.2829895,192.2324066,76.52645874,0.917344868,11692,0.645153999,Cammeo
9561,386.0849915,159.9705353,76.79644775,0.877232254,9708,0.700953066,Osmancik
10731,414.1749878,170.2100983,81.19894409,0.878875494,10922,0.593200684,Osmancik
14470,486.2600098,208.3336639,89.34396362,0.903375566,14657,0.576539934,Cammeo
12010,428.1400146,171.2221832,90.10307312,0.850339293,12222,0.665742815,Osmancik
10531,415.1059875,171.4884491,78.90145111,0.887868285,10796,0.601256073,Osmancik
13377,472.9609985,199.9407806,86.68286896,0.901133001,13685,0.79483068,Cammeo
10828,410.0690002,166.3771362,84.09659576,0.862851441,11093,0.728520513,Osmancik
12470,455.8970032,192.4611511,83.3955307,0.901244462,12704,0.581297755,Cammeo
17082,548.4459839,230.1887207,95.75758362,0.909366429,17576,0.592466712,Cammeo
14734,507.2839966,217.8244476,86.65876007,0.917455852,15039,0.681372523,Cammeo
14982,505.0780029,217.3649902,88.5952301,0.913166225,15325,0.559238493,Cammeo
12784,448.3469849,186.1167297,88.22885132,0.880497277,12937,0.604730368,Osmancik
12093,432.8280029,176.8203125,88.09726715,0.867044628,12351,0.705131173,Osmancik
13533,473.9320068,196.1175537,88.91679382,0.891314685,13897,0.60455662,Cammeo
12734,466.3059998,198.7256775,82.28808594,0.910241067,13021,0.634953856,Osmancik
13434,483.3649902,204.5680237,84.15599823,0.911462128,13773,0.722258091,Cammeo
16059,522.723999,217.8501434,95.15388489,0.899565458,16675,0.688459218,Cammeo
10789,413.7399902,170.5182953,81.97903442,0.876850069,11016,0.690540195,Osmancik
13645,454.6149902,182.6046448,95.70824432,0.85163939,13819,0.627529442,Osmancik
16094,504.1260071,208.3711853,99.03029633,0.879845917,16325,0.648533225,Cammeo
10193,409.7950134,174.1696167,75.03090668,0.902451158,10377,0.756437838,Osmancik
12391,437.618988,175.3672333,90.81942749,0.855452418,12600,0.634784818,Osmancik
13871,496.57901,212.5708008,83.77423859,0.919067383,14344,0.527815819,Cammeo
11316,418.5490112,170.6856995,85.69087982,0.864844978,11497,0.608387113,Osmancik
10950,412.3340149,166.3060608,85.298172,0.858449101,11172,0.776045382,Osmancik
10681,421.256012,178.3694458,77.9608078,0.899425089,10929,0.557172656,Osmancik
12110,448.8399963,191.8042755,80.65459442,0.907290399,12313,0.617857158,Osmancik
12249,440.3859863,178.5881042,88.66049957,0.868063927,12538,0.77319783,Osmancik
15691,511.848999,213.6121674,94.91934967,0.895851433,16124,0.659147263,Cammeo
12892,473.5270081,199.9391937,83.23552704,0.909225404,13193,0.564547181,Cammeo
9760,399.5750122,167.3652191,75.54492188,0.892333031,10012,0.613836467,Osmancik
11861,438.644989,177.9155121,86.46606445,0.873961508,12150,0.589395761,Osmancik
12205,438.3559875,174.43573,90.32647705,0.855489016,12491,0.618475735,Osmancik
14626,502.3569946,212.7346954,88.58338928,0.909180105,14997,0.581504464,Cammeo
11578,431.506012,181.2345123,82.66642761,0.88991338,11747,0.619011998,Osmancik
10665,422.3999939,176.8419342,77.75227356,0.898158908,10884,0.629872441,Osmancik
11940,443.9679871,187.3336182,82.18278503,0.898634791,12184,0.636392713,Cammeo
13589,483.8840027,205.3547516,85.4103241,0.909403026,13883,0.545742989,Cammeo
12309,434375,179.0016785,88.097229,0.870505512,12462,0.68069458,Osmancik
15035,506.1520081,216.9353027,89.38923645,0.911159039,15432,0.609296501,Cammeo
15077,504.6369934,212.9424591,91.21266937,0.903615654,15404,0.786489308,Cammeo
15164,501.6520081,212.1584015,92.44684601,0.900070429,15461,0.701063335,Cammeo
11749,455.2569885,192.5899963,78.04095459,0.914220035,12001,0.606650472,Osmancik
11295,430.6199951,179.1363678,81.18503571,0.891407609,11516,0.691248477,Osmancik
18913,541.7459717,227.1354828,106.9483566,0.88220948,19099,0.804124177,Cammeo
12590,463.776001,197.3787384,82.6856842,0.908023655,12880,0.606542349,Osmancik
11490,421.1669922,167.7101135,88.55627441,0.849224627,11793,0.755424082,Osmancik
12858,466.1629944,198.5473785,83.7596283,0.906659961,13095,0.549275935,Cammeo
16067,526.4249878,228.9422607,90.14622498,0.919217169,16370,0.555855393,Cammeo
10875,418.9819946,166.6903992,85.32958221,0.859042287,11334,0.76219511,Osmancik
11764,430.1839905,171.9667358,88.35490417,0.85791558,12010,0.626911819,Osmancik
12288,437.821991,179.1879578,88.10448456,0.870771706,12498,0.802717507,Osmancik
14811,512.1099854,217.738327,87.48340607,0.915735245,15090,0.549165726,Cammeo
10828,415.8510132,167.3562775,83.59038544,0.866327941,11225,0.653706849,Osmancik
11874,435.9360046,177.2800293,86.48963928,0.872916222,12097,0.722482502,Osmancik
12448,438.9150085,174.4133301,92.27671814,0.848578691,12750,0.681708634,Osmancik
13023,480.447998,205.312088,82.03385162,0.91670841,13444,0.632430077,Cammeo
10392,416.4890137,177.3663483,75.56694794,0.904699564,10559,0.562459409,Osmancik
14243,481.322998,198.6628876,92.82254028,0.884132385,14592,0.794499934,Cammeo
15028,498.82901,205.5384521,94.58416748,0.88782692,15382,0.577777803,Cammeo
14189,491.9729919,209.9364319,86.80909729,0.910503268,14496,0.55098635,Cammeo
11644,444.631012,186.58461,80.90866089,0.901091099,11850,0.606964111,Osmancik
11530,458.7120056,197.8755035,75.38201904,0.924592853,11918,0.700315833,Cammeo
10870,414.2780151,164.7044067,85.40578461,0.855053484,11183,0.661594629,Osmancik
14517,495.6149902,211.8028259,88.03250122,0.909531891,14815,0.687520742,Cammeo
17135,525.9379883,217.7283478,101.1546249,0.885525405,17471,0.593728364,Cammeo
10221,405.2999878,168.6337433,78.04261017,0.886466086,10368,0.602724373,Osmancik
12577,443.1459961,181.5305481,89.81943512,0.869012773,12826,0.605565965,Osmancik
13078,452.9909973,183.9789734,91.69001007,0.866963208,13385,0.732743144,Osmancik
10816,417.7810059,170.9293213,81.66611481,0.87848109,11119,0.589106739,Osmancik
10497,417.506012,169.2402039,80.12229156,0.880834937,10753,0.581615686,Osmancik
10662,408.2829895,162.6809845,84.36328888,0.85502845,10934,0.653148711,Osmancik
11815,456.6029968,200.1107025,75.79281616,0.925497234,12108,0.733759761,Cammeo
15321,513.007019,218.7119598,90.26066589,0.910870671,15646,0.711876214,Cammeo
10102,411.8080139,176.8137665,74.26673126,0.907511175,10350,0.577917635,Osmancik
11532,422.6910095,168.9230957,88.0403595,0.853443086,11798,0.630680859,Osmancik
11540,427.3190002,174.0828094,85.41786957,0.871343374,11829,0.74518919,Osmancik
11809,433.0539856,170.8712158,89.48264313,0.851912141,12129,0.61743176,Osmancik
11240,426.6440125,175.5941162,82.95658875,0.881366193,11427,0.606518447,Osmancik
12040,441.0230103,182.7528076,85.15114594,0.884818316,12372,0.747408271,Cammeo
11497,438.9100037,179.6929169,82.84305573,0.887386739,11820,0.574390471,Osmancik
14026,494.6029968,212.8145447,84.92227173,0.916931987,14267,0.546396554,Cammeo
12518,460.7219849,195.6509247,82.36373901,0.9070732,12813,0.689887047,Cammeo
13028,467.2770081,194.7333679,87.140625,0.894290507,13304,0.56621325,Osmancik
12349,452.0090027,187.9687347,84.54865265,0.893128455,12646,0.585760355,Osmancik
14488,489.8179932,204.6651917,91.22494507,0.895168602,14826,0.638294101,Cammeo
10589,408.756012,167.8834076,81.0369873,0.875786841,10775,0.617938817,Osmancik
12960,460.8670044,191.5177002,86.79779053,0.891403615,13211,0.588235319,Osmancik
10044,410.1910095,168.5531006,77.07965851,0.889311492,10317,0.757466078,Osmancik
11860,429.7929993,178.2135773,85.30594635,0.877993524,12032,0.700572968,Osmancik
13450,465.3980103,193.3749695,89.50689697,0.886427701,13661,0.615786076,Cammeo
10841,410.3320007,167.1149597,84.25271606,0.863610148,11079,0.73448509,Osmancik
12683,448.6369934,186.1575623,87.55859375,0.882481694,12847,0.590951443,Osmancik
14369,491.0440063,207.9473724,89.12214661,0.903503716,14679,0.603993297,Cammeo
14530,487.0969849,201.8062286,93.05895233,0.887332499,14926,0.68712759,Cammeo
12053,449.6040039,189.5009918,82.26611328,0.900855184,12295,0.564464033,Osmancik
12341,451.1159973,183.6455994,86.69643402,0.881552756,12676,0.602117479,Osmancik
14608,504.3059998,210.269928,90.16651917,0.903393149,15125,0.635130405,Cammeo
14064,488.947998,206.9332886,87.47862244,0.906251788,14315,0.758576035,Cammeo
11277,417.9769897,166.9129791,87.66714478,0.8509624,11597,0.642600715,Osmancik
13057,460.1679993,187.128479,90.31277466,0.875827432,13385,0.750790656,Cammeo
12642,462.8089905,198.4047089,81.74517059,0.91117835,12878,0.605982184,Osmancik
14712,496.0360107,212.7399292,89.09264374,0.908084631,14925,0.733948588,Cammeo
14819,497.8349915,210.3746796,90.7098465,0.902264833,15119,0.590680778,Cammeo
12148,440.6199951,184.9533081,84.69785309,0.888982177,12328,0.634294093,Osmancik
9751,412.5979919,175.4506378,71.44275665,0.913340867,10034,0.714358985,Osmancik
13969,486.5090027,206.0285797,87.72612762,0.90481925,14277,0.652756989,Cammeo
14340,499.0960083,207.2510834,89.85896301,0.901117325,14863,0.663152039,Cammeo
14932,488.8649902,203.9393005,94.11239624,0.88715446,15200,0.78161639,Osmancik
17246,540.5419922,225.9888611,98.57315063,0.899856567,17704,0.57392925,Cammeo
10667,411.7470093,163.9302521,84.71981049,0.856103718,10987,0.666104674,Osmancik
13779,481.9760132,200.4785767,88.84671021,0.896436095,14192,0.571980059,Cammeo
10365,416.3389893,169.5865784,79.64149475,0.882867873,10684,0.592963398,Osmancik
9373,383.0490112,159.3786163,75.75036621,0.879831553,9520,0.723895609,Osmancik
12450,456.2210083,191.142868,84.21341705,0.897714138,12740,0.572150707,Cammeo
11584,431.3580017,170.829422,87.8700943,0.857566357,11897,0.613559306,Osmancik
10591,410.7340088,169.7548065,80.3986969,0.880731106,10751,0.603338242,Osmancik
12906,461.2030029,191.5436707,86.72735596,0.891621709,13272,0.73832953,Osmancik
10767,410.6229858,166.0231781,83.88679504,0.862960398,10978,0.772160053,Osmancik
10879,427.1359863,179.4507751,78.29277802,0.899805605,11110,0.735465109,Osmancik
16580,530.0949707,226.4449463,94.47407532,0.908812165,16928,0.596188426,Cammeo
11197,429.4500122,178.2169189,81.27737427,0.889949679,11461,0.568837643,Osmancik
11969,431.1289978,177.2433167,86.83843231,0.871756673,12135,0.602790117,Osmancik
13720,477.6350098,201.1578674,87.30999756,0.90089494,13936,0.664535522,Osmancik
13130,463.2780151,184.3139648,91.93473816,0.866720438,13485,0.710382521,Osmancik
10513,410.0350037,165.656601,82.55253601,0.866984367,10789,0.725534856,Osmancik
15373,489.131012,200.1409149,98.96591187,0.869188309,15617,0.776414156,Cammeo
11835,431.0339966,180.4618378,84.14440918,0.884641051,12016,0.633023083,Osmancik
15232,508.8169861,216.7629089,90.63308716,0.908391416,15603,0.590822697,Cammeo
13731,489.0580139,212.4354553,82.91467285,0.92068553,14014,0.591725945,Cammeo
12692,443.1430054,182.9328308,88.95259857,0.873815119,12849,0.638237953,Cammeo
11533,424.5660095,174.2148895,85.42398834,0.871532977,11773,0.736462295,Osmancik
13684,464.5660095,189.5310516,92.90573883,0.871617079,13928,0.605647504,Cammeo
12974,460.3039856,192.9310455,86.72413635,0.893276095,13232,0.595930338,Osmancik
11536,426.8519897,172.1890717,87.07992554,0.862696052,11891,0.605882347,Osmancik
14337,494.2990112,206.6927795,89.74820709,0.900811374,14859,0.709893048,Cammeo
14709,515.8499756,222.7228394,85.4315567,0.923508525,14941,0.524796605,Cammeo
12103,446.0809937,181.4710999,86.55187225,0.878932714,12444,0.574691355,Osmancik
13173,467.4760132,194.6764526,87.36396027,0.893649876,13443,0.573162794,Cammeo
12895,449.5130005,186.6615143,88.58874512,0.880203903,13072,0.584754229,Osmancik
11072,421,174.7893066,81.57894135,0.884401262,11245,0.795402288,Osmancik
11251,431.7090149,181.7895813,79.8299408,0.898421705,11408,0.562268853,Osmancik
12729,458.3859863,184.999588,88.83807373,0.877155244,13085,0.602128685,Osmancik
10858,412.2170105,166.962326,84.06575012,0.863994479,11171,0.792901993,Osmancik
10736,417.394989,178.9036713,76.73338318,0.903347731,10901,0.743387341,Osmancik
10512,418.0669861,170.8183594,79.28153992,0.885768235,10776,0.587919474,Osmancik
11914,430.6440125,172.0098724,90.05436707,0.851999938,12215,0.716329992,Osmancik
11502,423.8320007,167.8920898,88.34923553,0.850344539,11770,0.627598643,Osmancik
14306,482.2479858,197.685791,94.05610657,0.879561126,14667,0.587950051,Cammeo
14590,496.1719971,212.1007538,88.60240936,0.908567846,14883,0.571484506,Cammeo
11702,432.7739868,177.7246094,84.66332245,0.879242897,11975,0.597162664,Cammeo
11638,451.0090027,195.0361328,76.92903137,0.918923914,11843,0.540598273,Cammeo
17048,525.5380249,219.4885864,99.73429871,0.890800834,17318,0.692332685,Cammeo
12315,444.6229858,183.1751862,86.46495819,0.881580234,12523,0.611166239,Osmancik
12563,444.868988,183.2237549,88.04947662,0.876963437,12767,0.766971946,Osmancik
12024,432.4190063,172.9061737,89.9719696,0.853952229,12323,0.627230048,Osmancik
15694,506.506012,211.8349304,96.02246857,0.891363561,16010,0.576540172,Cammeo
13568,484.6480103,208.0720978,83.69619751,0.915531576,13962,0.787921011,Cammeo
15488,507.8829956,206.6395264,96.87207794,0.883305728,15968,0.602552116,Cammeo
10604,425.9259949,179.1511841,76.3516922,0.904635668,10830,0.574898362,Cammeo
15714,501.1549988,205.0133057,99.27554321,0.874935448,16074,0.733887553,Cammeo
11332,427.3240051,175.5405579,83.60845184,0.879287481,11563,0.595418215,Osmancik
16490,520.3189697,212.0107574,101.6800079,0.877488136,16873,0.629365265,Cammeo
13831,483.6159973,202.8757782,88.29086304,0.900335431,14270,0.591068387,Cammeo
12128,441.7120056,184.3051453,84.94325256,0.88746053,12327,0.622331679,Osmancik
11782,433.7369995,182.7408142,83.0475235,0.890769541,12083,0.756565869,Osmancik
11422,429.2049866,178.5589752,82.38754272,0.887190938,11668,0.685594261,Osmancik
12720,449.6239929,178.6147766,92.7516861,0.854602098,13095,0.743859649,Cammeo
11625,437.3599854,186.7081451,79.72377777,0.904253125,11830,0.721870363,Cammeo
14734,498.7070007,211.0009613,90.11148071,0.904220164,15171,0.784599841,Cammeo
13682,488.8999939,199.5596924,89.44221497,0.893934369,14457,0.599666893,Cammeo
14759,493.8039856,207.7845764,91.68565369,0.897382557,15106,0.705868304,Cammeo
10784,424.1440125,176.9599609,78.46128082,0.896331608,11091,0.636900544,Osmancik
14587,491.8039856,204.8346252,91.91319275,0.893672884,14926,0.609824419,Cammeo
12800,447.0249939,181.7690887,90.76634216,0.86640054,12958,0.610221207,Osmancik
11224,424.7470093,174.4214478,83.19822693,0.878905773,11544,0.713450313,Osmancik
12103,456.3649902,189.7859344,82.76078033,0.899910629,12483,0.62905407,Osmancik
11977,442.3640137,185.2654114,83.16057587,0.893595755,12186,0.681750894,Osmancik
13263,480.1910095,205.5758667,83.13744354,0.914576709,13517,0.680572689,Cammeo
10815,414.0620117,171.3505096,80.88232422,0.881583273,11015,0.727645814,Osmancik
10841,419.1000061,166.8651733,84.30315399,0.862992227,11258,0.69475776,Osmancik
13626,469.3429871,191.3802338,92.17391968,0.876376212,13931,0.607219279,Osmancik
12878,459.6040039,192.1722717,85.95668793,0.894389093,13213,0.576248407,Cammeo
13205,475.6000061,197.5489655,86.34487915,0.899422169,13607,0.691107988,Cammeo
15486,492.6940002,204.3721313,97.6780014,0.878391445,15688,0.601164579,Cammeo
13170,472.1019897,200.1954346,84.8755188,0.905679405,13383,0.544935465,Cammeo
10806,408.6759949,163.7159424,85.63248444,0.852298796,11069,0.611441195,Osmancik
10386,411.1390076,171.5273285,77.87589264,0.89099431,10636,0.59196353,Osmancik
10916,416.32901,172.5072479,81.98931122,0.879834414,11093,0.721480489,Osmancik
12124,431.7520142,173.8032684,89.89888,0.855837345,12389,0.770120025,Osmancik
10395,415.29599,170.193512,79.33728027,0.884700835,10725,0.609677434,Osmancik
10215,401.4840088,164.2425995,80.21561432,0.872621477,10435,0.682228029,Osmancik
9273,406.4020081,173.414093,68.80253601,0.917925477,9445,0.530097783,Osmancik
11778,432.2569885,173.4862061,87.75865173,0.862619281,12104,0.664972901,Osmancik
14305,491.1610107,207.8712921,88.60971069,0.904595017,14633,0.579525173,Cammeo
13439,477.75,199.3816071,87.62736511,0.898244679,13852,0.75124377,Cammeo
15833,530.335022,225.2233887,91.51106262,0.913734198,16337,0.586407423,Cammeo
12041,427.2900085,174.1454468,88.91725922,0.859823167,12291,0.634672165,Osmancik
12061,432.6889954,174.2027893,90.06542969,0.855976403,12378,0.628013551,Osmancik
10032,403.0960083,165.6066132,78.48327637,0.880571187,10307,0.745984554,Osmancik
11521,429.2340088,176.807312,84.10377502,0.879618168,11732,0.592949033,Osmancik
13135,459.256012,189.7806244,89.05083466,0.883075774,13353,0.58006537,Osmancik
11614,437.6560059,184.9021301,81.87991333,0.896606386,11812,0.818117797,Osmancik
11790,432.3269958,181.3406982,83.65612793,0.887233734,11990,0.60461539,Osmancik
15458,511.9519958,216.607666,91.79172516,0.905770063,15854,0.584048033,Cammeo
11993,444.5650024,187.1829071,82.64057159,0.89726305,12276,0.587373912,Cammeo
11836,456.3789978,201.8695984,75.45857239,0.927509904,12084,0.753213704,Cammeo
12483,451.8139954,189.8994293,84.86184692,0.894594967,12686,0.595705092,Cammeo
15238,506.1149902,218.3603973,89.61968994,0.911896169,15529,0.547224045,Cammeo
11603,427.5249939,175.9404144,84.68665314,0.876535535,11807,0.803420603,Osmancik
13574,473.2210083,197.8727722,88.44189453,0.894552231,13879,0.641250968,Cammeo
12466,448.8569946,181.1933746,88.6875,0.87202394,12779,0.604089916,Osmancik
14640,501.3240051,210.2915955,90.3317337,0.903040886,15119,0.586538434,Cammeo
13050,467.5220032,194.8988495,86.94762421,0.894974828,13389,0.619775832,Cammeo
12544,437.2690125,175.6720886,91.5243454,0.853559494,12753,0.788137734,Osmancik
13954,484.5320129,203.6781769,88.20871735,0.901356041,14288,0.750860929,Cammeo
10440,405.6149902,165.2468414,82.02889252,0.868092656,10716,0.598417997,Osmancik
9371,394.428009,169.184082,70.86470032,0.90805012,9528,0.777999163,Osmancik
17425,541.8029785,232.0575562,96.44174194,0.90955019,17758,0.703955054,Cammeo
12071,438.7000122,178.7846069,87.50312042,0.872040808,12437,0.645369947,Osmancik
10788,402.3349915,160.8686371,86.55402374,0.842918277,10961,0.76234895,Osmancik
11594,437.9100037,178.6766052,84.30540466,0.881688297,11969,0.600600898,Osmancik
8813,387.7210083,164.1777039,68.98608398,0.907435417,9005,0.73736614,Osmancik
14235,505.8450012,214.156601,87.47984314,0.912764847,14687,0.6825701,Cammeo
13650,475.2420044,199.3260803,87.97470856,0.897329748,13859,0.57213515,Cammeo
10937,424.5859985,177.1670532,79.75700378,0.892938018,11103,0.59521091,Cammeo
12035,431.95401,176.0225525,88.00274658,0.866053402,12226,0.61784488,Osmancik
14398,487.723999,210.0916901,87.59719849,0.9089306,14654,0.785316885,Cammeo
13901,478.848999,200.4419098,89.34198761,0.895169914,14232,0.568548083,Cammeo
11364,428.9530029,180.7597198,80.28202057,0.89595902,11551,0.580269635,Osmancik
14025,475.9570007,197.3919067,91.75456238,0.885397613,14423,0.679901123,Cammeo
11415,424.9630127,172.6956177,85.28923798,0.869535565,11735,0.691315413,Osmancik
14625,497.2520142,212.7985077,88.36369324,0.909709215,14924,0.548945248,Cammeo
11139,423.3240051,173.0767059,82.68975067,0.878488421,11380,0.716426551,Osmancik
12754,450.723999,186.2673492,88.71730042,0.879288197,13063,0.801634192,Osmancik
14400,486.8999939,200.1377106,93.24651337,0.88483119,14714,0.618131876,Cammeo
11898,422.3680115,166.2357178,91.87953186,0.83337611,12063,0.662767351,Osmancik
13315,476.2030029,205.1886139,83.0610199,0.914403796,13510,0.551574171,Cammeo
13308,464.1329956,196.2423096,87.26089478,0.895699978,13486,0.597521544,Osmancik
9976,406.07901,168.061203,76.86061096,0.889293432,10295,0.573366284,Osmancik
11658,443.2609863,179.8141937,83.87640381,0.884541512,12024,0.593101323,Osmancik
15929,513.9400024,212.6575165,96.99799347,0.889916718,16293,0.725860119,Cammeo
11511,438.9729919,182.5943756,81.35918427,0.895245492,11806,0.656908035,Osmancik
10821,425.2680054,178.3567963,78.24892426,0.898623168,11101,0.779386342,Osmancik
12184,437.8389893,180.1070862,87.29169464,0.874699593,12398,0.773734689,Osmancik
11081,414.07901,169.0088348,84.32627869,0.866633117,11289,0.789920151,Osmancik
12637,455.2909851,187.8065033,86.84584045,0.886660039,12958,0.617342472,Osmancik
10536,412.5069885,162.7202911,84.6243515,0.854129553,10974,0.685937524,Osmancik
11875,429.9490051,173.6934814,88.0417099,0.862016737,12128,0.784449756,Osmancik
11786,424.618988,171.8438568,88.34416199,0.857732892,11946,0.624787927,Osmancik
11317,420.1530151,169.6247406,86.44433594,0.860398948,11479,0.613487303,Osmancik
9963,410.0840149,171.168457,75.23148346,0.898234189,10251,0.719298244,Osmancik
14814,503.1480103,217.2567749,88.17826843,0.913930297,15110,0.545113325,Cammeo
11810,444.3519897,187.8073883,80.46891022,0.903558373,11977,0.573078394,Osmancik
14204,482.1700134,201.0738831,91.0908432,0.89149946,14523,0.616011798,Cammeo
15172,504.1579895,213.2246704,91.66706085,0.902872503,15477,0.622441053,Cammeo
12473,440.9259949,180.6456757,88.56008148,0.871586382,12673,0.629854083,Osmancik
15484,504.8190002,211.2880554,94.47180939,0.894472361,15795,0.679122806,Cammeo
11901,436.1409912,174.5728912,88.44688416,0.862153411,12172,0.583096504,Osmancik
16505,506.8959961,207.3458405,103.244194,0.867215872,16782,0.778170645,Cammeo
13970,494.6539917,211.742691,85.07025146,0.915743947,14280,0.696271956,Cammeo
13930,495.2709961,213.5266418,84.43373108,0.918498337,14564,0.54963702,Cammeo
11546,429.6809998,179.2159576,82.65701294,0.88728863,11698,0.599574208,Osmancik
12924,474.4240112,203.019928,81.82215881,0.915188849,13150,0.535732031,Cammeo
10937,411.9580078,165.007782,85.2615509,0.856159091,11135,0.624971449,Osmancik
12466,439.1830139,177.4193115,90.01721191,0.86172837,12707,0.609882593,Osmancik
11377,429.3859863,172.5396423,85.88433838,0.867311478,11746,0.735423386,Osmancik
11428,418.6149902,168.1789856,87.29834747,0.854725659,11589,0.628291845,Osmancik
14489,496.3850098,210.0363922,88.53156281,0.906825662,14843,0.615348697,Cammeo
10121,405.7090149,168.8771057,77.08663177,0.889740944,10373,0.743535101,Osmancik
12620,458.8869934,193.8964233,84.0860672,0.901074231,12866,0.75253427,Osmancik
11016,421.1000061,173.1560059,82.32682037,0.879743397,11302,0.781609178,Osmancik
15545,516.8690186,217.1186829,92.24694061,0.90525496,16019,0.657488465,Cammeo
12432,446.4880066,183.4152832,87.73010254,0.878188848,12677,0.587301612,Osmancik
12029,441.7399902,181.7962799,85.41960144,0.88273859,12275,0.596558213,Cammeo
10736,416.7999878,176.1352539,78.64362335,0.894785821,10930,0.798096955,Osmancik
11879,446.1430054,187.9102325,81.59091949,0.900815725,12095,0.652692318,Osmancik
12188,434.2130127,171.7588959,91.43890381,0.846513152,12529,0.62196368,Osmancik
12120,441,180.3765259,86.71607971,0.876857519,12479,0.642255306,Osmancik
10724,421.697998,168.3685303,83.73532867,0.867559373,10988,0.594456792,Osmancik
12081,431.5209961,173.5222931,89.55706787,0.856520653,12315,0.780426383,Osmancik
14009,481.9769897,198.5250854,91.06323242,0.888591766,14455,0.684200227,Osmancik
15381,503.57901,211.8835297,93.30974579,0.8978104,15749,0.740325391,Cammeo
11867,431.9429932,178.5909119,85.77666473,0.877105951,12126,0.640351832,Osmancik
